Workbook
Name Année: VentesMagasins!$M$2:$M$1001
Name CA: VentesMagasins!$R$2:$R$1001
Name CA_retour: VentesMagasins!$S$2:$S$1001
Name Categorie: VentesMagasins!$F$2:$F$1001
Name Categorie_nett: VentesMagasins!$O$2:$O$1001
Name Clée: VentesMagasins!$M$1:$M$1001
Name ClientID: Clients!$A$2:$A$301
Name ClientID: VentesMagasins!$B$2:$B$1001
Name ClientID1: Tbl_Clients[ClientID1]
Name DateVente: VentesMagasins!$C$2:$C$1001
Name Magasin: VentesMagasins!$D$2:$D$1001
Name Mois: VentesMagasins!$N$2:$N$1001
Name Moyenne_client: VentesMagasins!$V$2:$V$1001
Name NoteClient: VentesMagasins!$L$2:$L$1001
Name NoteClient_nett1: VentesMagasins!$U$2:$U$1001
Name NoteClient_Nette: VentesMagasins!$T$2:$T$1001
Name OrderID: VentesMagasins!$A$2:$A$1001
Name PrixUnitaire: VentesMagasins!$H$2:$H$1001
Name Produit: VentesMagasins!$E$2:$E$1001
Name Quantité: VentesMagasins!$G$2:$G$1001
Name Region: VentesMagasins!$W$2:$W$1001
Name Région: Clients!$B$2:$B$301
Name Remise: VentesMagasins!$I$2:$I$1001
Name Remise_nett: VentesMagasins!$P$2:$P$1001
Name Retour: VentesMagasins!$K$2:$K$1001
Name Total: VentesMagasins!$J$2:$J$1001
Name Total_Nett: VentesMagasins!$Q$2:$Q$1001
Name Type_Client: VentesMagasins!$X$2:$X$1001
Name TypeClient: Clients!$C$2:$C$301

Sheet VentesMagasins
A1: OrderID | B1: ClientID | C1: DateVente | D1: Magasin | E1: Produit | F1: Categorie | G1: Quantité | H1: PrixUnitaire | I1: Remise | J1: Total | K1: Retour | L1: NoteClient | M1: Année | N1: Mois | O1: Categorie_nett | P1: Remise_nett | Q1: Total_Nett | R1: CA | S1: CA_retour | T1: NoteClient_Nette | U1: NoteClient_nett1 | V1: Moyenne_client | W1: Region | X1: Type_Client | Y1: Mois_
A2: 1 | B2: C1291 | C2: 45686 | D2: M5 | E2: Chaise | F2: Électronique | G2: 2 | H2: 130 | I2: 0.15 | J2: 221.0 | K2: 0 | L2: 5.0 | M2: =YEAR(VentesMagasins!$C2) -> 2025 | N2: {=MONTH(DateVente)} -> #VALUE! | O2: =PROPER(VentesMagasins!$F2) -> Électronique | P2: =VALUE(CLEAN(TRIM(SUBSTITUTE(VentesMagasins!$I2,".",",")))) -> 0.15 | Q2: =VALUE(TRIM(SUBSTITUTE(VentesMagasins!$J2,".",","))) -> 221 | R2: =Q2*(1-P2) -> 187.85 | S2: =IF(VentesMagasins!$K2=1,(-1)*R2,R2) -> 187.85 | T2: =IFERROR(VALUE(TRIM(SUBSTITUTE(VentesMagasins!$L2,".",","))),0) -> 5 | U2: =ROUND(IF(T2=0,AVERAGE(T2:T1001),T2),0) -> 5 | V2: =IF(AND(U2>0,U2<=2),"faible",IF(AND(U2>=3,U2<=4),"moyenne",IF(U2=5,"élévé",0))) -> élévé | W2: =_xlfn.XLOOKUP(VentesMagasins!$B2,Clients!ClientID,Région) -> Est | X2: =INDEX(TypeClient,MATCH(VentesMagasins!$B2,Clients!ClientID)) -> Fidèle | Y2: {=TEXT(DateVente,"mmm")} -> janv
A3: 2 | B3: C1241 | C3: 45234 | D3: M2 | E3: Plante | F3: Décoration | G3: 1 | H3: 70 | I3: 0.15 | J3: 59.5 | K3: 0 | L3: 4.0 | M3: =YEAR(VentesMagasins!$C3) -> 2023 | N3: {=MONTH(DateVente)} -> #VALUE! | O3: =PROPER(VentesMagasins!$F3) -> Décoration | P3: =VALUE(CLEAN(TRIM(SUBSTITUTE(VentesMagasins!$I3,".",",")))) -> 0.15 | Q3: =VALUE(TRIM(SUBSTITUTE(VentesMagasins!$J3,".",","))) -> 59.5 | R3: =Q3*(1-P3) -> 50.575 | S3: =IF(VentesMagasins!$K3=1,(-1)*R3,R3) -> 50.575 | T3: =IFERROR(VALUE(TRIM(SUBSTITUTE(VentesMagasins!$L3,".",","))),0) -> 4 | U3: =ROUND(IF(T3=0,AVERAGE(T3:T1002),T3),0) -> 4 | V3: =IF(AND(U3>0,U3<=2),"faible",IF(AND(U3>=3,U3<=4),"moyenne",IF(U3=5,"élévé",0))) -> moyenne | W3: =_xlfn.XLOOKUP(VentesMagasins!$B3,Clients!ClientID,Région) -> Centre | X3: =INDEX(TypeClient,MATCH(VentesMagasins!$B3,Clients!ClientID)) -> Occasionnel | Y3: nov
A4: 3 | B4: C1222 | C4: 45482 | D4: M1 | E4: Enceinte | F4: Décoration | G4: 4 | H4: 93 | I4: 0.0 | J4: 372.0 | K4: 1 | L4: 3.0 | M4: =YEAR(VentesMagasins!$C4) -> 2024 | N4: {=MONTH(DateVente)} -> #VALUE! | O4: =PROPER(VentesMagasins!$F4) -> Décoration | P4: =VALUE(CLEAN(TRIM(SUBSTITUTE(VentesMagasins!$I4,".",",")))) -> 0 | Q4: =VALUE(TRIM(SUBSTITUTE(VentesMagasins!$J4,".",","))) -> 372 | R4: =Q4*(1-P4) -> 372 | S4: =IF(VentesMagasins!$K4=1,(-1)*R4,R4) -> -372 | T4: =IFERROR(VALUE(TRIM(SUBSTITUTE(VentesMagasins!$L4,".",","))),0) -> 3 | U4: =ROUND(IF(T4=0,AVERAGE(T4:T1003),T4),0) -> 3 | V4: =IF(AND(U4>0,U4<=2),"faible",IF(AND(U4>=3,U4<=4),"moyenne",IF(U4=5,"élévé",0))) -> moyenne | W4: =_xlfn.XLOOKUP(VentesMagasins!$B4,Clients!ClientID,Région) -> Est | X4: =INDEX(TypeClient,MATCH(VentesMagasins!$B4,Clients!ClientID)) -> Fidèle | Y4: juil
A5: 4 | B5: C1057 | C5: 45062 | D5: M3 | E5: Lampe | F5: Décoration | G5: 1 | H5: 114 | I5: 0.15 | J5: 96.89999999999999 | K5: 0 | L5: 4.0 | M5: =YEAR(VentesMagasins!$C5) -> 2023 | N5: {=MONTH(DateVente)} -> #VALUE! | O5: =PROPER(VentesMagasins!$F5) -> Décoration | P5: =VALUE(CLEAN(TRIM(SUBSTITUTE(VentesMagasins!$I5,".",",")))) -> 0.15 | Q5: =VALUE(TRIM(SUBSTITUTE(VentesMagasins!$J5,".",","))) -> 96.9 | R5: =Q5*(1-P5) -> 82.365 | S5: =IF(VentesMagasins!$K5=1,(-1)*R5,R5) -> 82.365 | T5: =IFERROR(VALUE(TRIM(SUBSTITUTE(VentesMagasins!$L5,".",","))),0) -> 4 | U5: =ROUND(IF(T5=0,AVERAGE(T5:T1004),T5),0) -> 4 | V5: =IF(AND(U5>0,U5<=2),"faible",IF(AND(U5>=3,U5<=4),"moyenne",IF(U5=5,"élévé",0))) -> moyenne | W5: =_xlfn.XLOOKUP(VentesMagasins!$B5,Clients!ClientID,Région) -> Nord | X5: =INDEX(TypeClient,MATCH(VentesMagasins!$B5,Clients!ClientID)) -> Occasionnel | Y5: mai
A6: 5 | B6: C1058 | C6: 45414 | D6: M1 | E6: Enceinte | F6: Meuble | G6: 4 | H6: 38 | I6: 0.05 | J6: 144.4 | K6: 0 | L6: 2.0 | M6: =YEAR(VentesMagasins!$C6) -> 2024 | N6: {=MONTH(DateVente)} -> #VALUE! | O6: =PROPER(VentesMagasins!$F6) -> Meuble | P6: =VALUE(CLEAN(TRIM(SUBSTITUTE(VentesMagasins!$I6,".",",")))) -> 0.05 | Q6: =VALUE(TRIM(SUBSTITUTE(VentesMagasins!$J6,".",","))) -> 144.4 | R6: =Q6*(1-P6) -> 137.18 | S6: =IF(VentesMagasins!$K6=1,(-1)*R6,R6) -> 137.18 | T6: =IFERROR(VALUE(TRIM(SUBSTITUTE(VentesMagasins!$L6,".",","))),0) -> 2 | U6: =ROUND(IF(T6=0,AVERAGE(T6:T1005),T6),0) -> 2 | V6: =IF(AND(U6>0,U6<=2),"faible",IF(AND(U6>=3,U6<=4),"moyenne",IF(U6=5,"élévé",0))) -> faible | W6: =_xlfn.XLOOKUP(VentesMagasins!$B6,Clients!ClientID,Région) -> Centre | X6: =INDEX(TypeClient,MATCH(VentesMagasins!$B6,Clients!ClientID)) -> Nouveau | Y6: mai
A7: 6 | B7: C1138 | C7: 45439 | D7: M2 | E7: Canapé | F7: Décoration | G7: 3 | H7: 234 | I7: 0.05 | J7: 666.9 | K7: 0 | L7: 3.0 | M7: =YEAR(VentesMagasins!$C7) -> 2024 | N7: {=MONTH(DateVente)} -> #VALUE! | O7: =PROPER(VentesMagasins!$F7) -> Décoration | P7: =VALUE(CLEAN(TRIM(SUBSTITUTE(VentesMagasins!$I7,".",",")))) -> 0.05 | Q7: =VALUE(TRIM(SUBSTITUTE(VentesMagasins!$J7,".",","))) -> 666.9 | R7: =Q7*(1-P7) -> 633.555 | S7: =IF(VentesMagasins!$K7=1,(-1)*R7,R7) -> 633.555 | T7: =IFERROR(VALUE(TRIM(SUBSTITUTE(VentesMagasins!$L7,".",","))),0) -> 3 | U7: =ROUND(IF(T7=0,AVERAGE(T7:T1006),T7),0) -> 3 | V7: =IF(AND(U7>0,U7<=2),"faible",IF(AND(U7>=3,U7<=4),"moyenne",IF(U7=5,"élévé",0))) -> moyenne | W7: =_xlfn.XLOOKUP(VentesMagasins!$B7,Clients!ClientID,Région) -> Centre | X7: =INDEX(TypeClient,MATCH(VentesMagasins!$B7,Clients!ClientID)) -> Nouveau | Y7: mai
A8: 7 | B8: C1094 | C8: 45046 | D8: M5 | E8: Lampe | F8: Électronique | G8: 3 | H8: 85 | I8: 0.0 | J8: 255.0 | K8: 0 | L8: 4.0 | M8: =YEAR(VentesMagasins!$C8) -> 2023 | N8: {=MONTH(DateVente)} -> #VALUE! | O8: =PROPER(VentesMagasins!$F8) -> Électronique | P8: =VALUE(CLEAN(TRIM(SUBSTITUTE(VentesMagasins!$I8,".",",")))) -> 0 | Q8: =VALUE(TRIM(SUBSTITUTE(VentesMagasins!$J8,".",","))) -> 255 | R8: =Q8*(1-P8) -> 255 | S8: =IF(VentesMagasins!$K8=1,(-1)*R8,R8) -> 255 | T8: =IFERROR(VALUE(TRIM(SUBSTITUTE(VentesMagasins!$L8,".",","))),0) -> 4 | U8: =ROUND(IF(T8=0,AVERAGE(T8:T1007),T8),0) -> 4 | V8: =IF(AND(U8>0,U8<=2),"faible",IF(AND(U8>=3,U8<=4),"moyenne",IF(U8=5,"élévé",0))) -> moyenne | W8: =_xlfn.XLOOKUP(VentesMagasins!$B8,Clients!ClientID,Région) -> Centre | X8: =INDEX(TypeClient,MATCH(VentesMagasins!$B8,Clients!ClientID)) -> Nouveau | Y8: avr
A9: 8 | B9: C1144 | C9: 45312 | D9: M3 | E9: Télévision | F9: Décoration | G9: 4 | H9: 78 | I9: 0.0 | J9: 312.0 | K9: 0 | L9: 4.0 | M9: =YEAR(VentesMagasins!$C9) -> 2024 | N9: {=MONTH(DateVente)} -> #VALUE! | O9: =PROPER(VentesMagasins!$F9) -> Décoration | P9: =VALUE(CLEAN(TRIM(SUBSTITUTE(VentesMagasins!$I9,".",",")))) -> 0 | Q9: =VALUE(TRIM(SUBSTITUTE(VentesMagasins!$J9,".",","))) -> 312 | R9: =Q9*(1-P9) -> 312 | S9: =IF(VentesMagasins!$K9=1,(-1)*R9,R9) -> 312 | T9: =IFERROR(VALUE(TRIM(SUBSTITUTE(VentesMagasins!$L9,".",","))),0) -> 4 | U9: =ROUND(IF(T9=0,AVERAGE(T9:T1008),T9),0) -> 4 | V9: =IF(AND(U9>0,U9<=2),"faible",IF(AND(U9>=3,U9<=4),"moyenne",IF(U9=5,"élévé",0))) -> moyenne | W9: =_xlfn.XLOOKUP(VentesMagasins!$B9,Clients!ClientID,Région) -> Sud | X9: =INDEX(TypeClient,MATCH(VentesMagasins!$B9,Clients!ClientID)) -> Nouveau | Y9: janv
A10: 9 | B10: C1135 | C10: 45947 | D10: M4 | E10: Canapé | F10: Meuble | G10: 2 | H10: 143 | I10: 0.0 | J10: 286.0 | K10: 0 | M10: =YEAR(VentesMagasins!$C10) -> 2025 | N10: {=MONTH(DateVente)} -> #VALUE! | O10: =PROPER(VentesMagasins!$F10) -> Meuble | P10: =VALUE(CLEAN(TRIM(SUBSTITUTE(VentesMagasins!$I10,".",",")))) -> 0 | Q10: =VALUE(TRIM(SUBSTITUTE(VentesMagasins!$J10,".",","))) -> 286 | R10: =Q10*(1-P10) -> 286 | S10: =IF(VentesMagasins!$K10=1,(-1)*R10,R10) -> 286 | T10: =IFERROR(VALUE(TRIM(SUBSTITUTE(VentesMagasins!$L10,".",","))),0) -> 0 | U10: =ROUND(IF(T10=0,AVERAGE(T10:T1009),T10),0) -> 3 | V10: =IF(AND(U10>0,U10<=2),"faible",IF(AND(U10>=3,U10<=4),"moyenne",IF(U10=5,"élévé",0))) -> moyenne | W10: =_xlfn.XLOOKUP(VentesMagasins!$B10,Clients!ClientID,Région) -> Est | X10: =INDEX(TypeClient,MATCH(VentesMagasins!$B10,Clients!ClientID)) -> Occasionnel | Y10: oct
A11: 10 | B11: C1295 | C11: 45557 | D11: M5 | E11: Lampe | F11: Décoration | G11: 1 | H11: 363 | I11: 0.0 | J11: 363.0 | K11: 0 | L11: 3.0 | M11: =YEAR(VentesMagasins!$C11) -> 2024 | N11: {=MONTH(DateVente)} -> #VALUE! | O11: =PROPER(VentesMagasins!$F11) -> Décoration | P11: =VALUE(CLEAN(TRIM(SUBSTITUTE(VentesMagasins!$I11,".",",")))) -> 0 | Q11: =VALUE(TRIM(SUBSTITUTE(VentesMagasins!$J11,".",","))) -> 363 | R11: =Q11*(1-P11) -> 363 | S11: =IF(VentesMagasins!$K11=1,(-1)*R11,R11) -> 363 | T11: =IFERROR(VALUE(TRIM(SUBSTITUTE(VentesMagasins!$L11,".",","))),0) -> 3 | U11: =ROUND(IF(T11=0,AVERAGE(T11:T1010),T11),0) -> 3 | V11: =IF(AND(U11>0,U11<=2),"faible",IF(AND(U11>=3,U11<=4),"moyenne",IF(U11=5,"élévé",0))) -> moyenne | W11: =_xlfn.XLOOKUP(VentesMagasins!$B11,Clients!ClientID,Région) -> Sud | X11: =INDEX(TypeClient,MATCH(VentesMagasins!$B11,Clients!ClientID)) -> Nouveau | Y11: sept
A12: 11 | B12: C1059 | C12: 45257 | D12: M2 | E12: Chaise | F12: Meuble | G12: 3 | H12: 278 | I12: 0.05 | J12: 792.3 | K12: 1 | L12: 4.0 | M12: =YEAR(VentesMagasins!$C12) -> 2023 | N12: {=MONTH(DateVente)} -> #VALUE! | O12: =PROPER(VentesMagasins!$F12) -> Meuble | P12: =VALUE(CLEAN(TRIM(SUBSTITUTE(VentesMagasins!$I12,".",",")))) -> 0.05 | Q12: =VALUE(TRIM(SUBSTITUTE(VentesMagasins!$J12,".",","))) -> 792.3 | R12: =Q12*(1-P12) -> 752.685 | S12: =IF(VentesMagasins!$K12=1,(-1)*R12,R12) -> -752.685 | T12: =IFERROR(VALUE(TRIM(SUBSTITUTE(VentesMagasins!$L12,".",","))),0) -> 4 | U12: =ROUND(IF(T12=0,AVERAGE(T12:T1011),T12),0) -> 4 | V12: =IF(AND(U12>0,U12<=2),"faible",IF(AND(U12>=3,U12<=4),"moyenne",IF(U12=5,"élévé",0))) -> moyenne | W12: =_xlfn.XLOOKUP(VentesMagasins!$B12,Clients!ClientID,Région) -> Ouest | X12: =INDEX(TypeClient,MATCH(VentesMagasins!$B12,Clients!ClientID)) -> Nouveau | Y12: nov
A13: 12 | B13: C1003 | C13: 45501 | D13: M2 | E13: Plante | F13: Électronique | G13: 5 | H13: 73 | I13: 0.1 | J13: 328.5 | K13: 1 | L13: 2.0 | M13: =YEAR(VentesMagasins!$C13) -> 2024 | N13: {=MONTH(DateVente)} -> #VALUE! | O13: =PROPER(VentesMagasins!$F13) -> Électronique | P13: =VALUE(CLEAN(TRIM(SUBSTITUTE(VentesMagasins!$I13,".",",")))) -> 0.1 | Q13: =VALUE(TRIM(SUBSTITUTE(VentesMagasins!$J13,".",","))) -> 328.5 | R13: =Q13*(1-P13) -> 295.65 | S13: =IF(VentesMagasins!$K13=1,(-1)*R13,R13) -> -295.65 | T13: =IFERROR(VALUE(TRIM(SUBSTITUTE(VentesMagasins!$L13,".",","))),0) -> 2 | U13: =ROUND(IF(T13=0,AVERAGE(T13:T1012),T13),0) -> 2 | V13: =IF(AND(U13>0,U13<=2),"faible",IF(AND(U13>=3,U13<=4),"moyenne",IF(U13=5,"élévé",0))) -> faible | W13: =_xlfn.XLOOKUP(VentesMagasins!$B13,Clients!ClientID,Région) -> Centre | X13: =INDEX(TypeClient,MATCH(VentesMagasins!$B13,Clients!ClientID)) -> Fidèle | Y13: juil
A14: 13 | B14: C1049 | C14: 45819 | D14: M1 | E14: Plante | F14: Décoration | G14: 3 | H14: 294 | I14: 0.15 | J14: 749.6999999999999 | K14: 0 | L14: 5.0 | M14: =YEAR(VentesMagasins!$C14) -> 2025 | N14: {=MONTH(DateVente)} -> #VALUE! | O14: =PROPER(VentesMagasins!$F14) -> Décoration | P14: =VALUE(CLEAN(TRIM(SUBSTITUTE(VentesMagasins!$I14,".",",")))) -> 0.15 | Q14: =VALUE(TRIM(SUBSTITUTE(VentesMagasins!$J14,".",","))) -> 749.7 | R14: =Q14*(1-P14) -> 637.245 | S14: =IF(VentesMagasins!$K14=1,(-1)*R14,R14) -> 637.245 | T14: =IFERROR(VALUE(TRIM(SUBSTITUTE(VentesMagasins!$L14,".",","))),0) -> 5 | U14: =ROUND(IF(T14=0,AVERAGE(T14:T1013),T14),0) -> 5 | V14: =IF(AND(U14>0,U14<=2),"faible",IF(AND(U14>=3,U14<=4),"moyenne",IF(U14=5,"élévé",0))) -> élévé | W14: =_xlfn.XLOOKUP(VentesMagasins!$B14,Clients!ClientID,Région) -> Centre | X14: =INDEX(TypeClient,MATCH(VentesMagasins!$B14,Clients!ClientID)) -> Fidèle | Y14: juin
A15: 14 | B15: C1150 | C15: 45343 | D15: M3 | E15: Chaise | F15: électronique | G15: 1 | H15: 171 | I15: 0.1 | J15: 153.9 | K15: 0 | M15: =YEAR(VentesMagasins!$C15) -> 2024 | N15: {=MONTH(DateVente)} -> #VALUE! | O15: =PROPER(VentesMagasins!$F15) -> Électronique | P15: =VALUE(CLEAN(TRIM(SUBSTITUTE(VentesMagasins!$I15,".",",")))) -> 0.1 | Q15: =VALUE(TRIM(SUBSTITUTE(VentesMagasins!$J15,".",","))) -> 153.9 | R15: =Q15*(1-P15) -> 138.51 | S15: =IF(VentesMagasins!$K15=1,(-1)*R15,R15) -> 138.51 | T15: =IFERROR(VALUE(TRIM(SUBSTITUTE(VentesMagasins!$L15,".",","))),0) -> 0 | U15: =ROUND(IF(T15=0,AVERAGE(T15:T1014),T15),0) -> 3 | V15: =IF(AND(U15>0,U15<=2),"faible",IF(AND(U15>=3,U15<=4),"moyenne",IF(U15=5,"élévé",0))) -> moyenne | W15: =_xlfn.XLOOKUP(VentesMagasins!$B15,Clients!ClientID,Région) -> Centre | X15: =INDEX(TypeClient,MATCH(VentesMagasins!$B15,Clients!ClientID)) -> Nouveau | Y15: févr
A16: 15 | B16: C1128 | C16: 45934 | D16: m2 | E16: Chaise | F16: Décoration | G16: 3 | H16: 350 | I16: 0.1 | J16: 945.0 | K16: 0 | L16: 5.0 | M16: =YEAR(VentesMagasins!$C16) -> 2025 | N16: {=MONTH(DateVente)} -> #VALUE! | O16: =PROPER(VentesMagasins!$F16) -> Décoration | P16: =VALUE(CLEAN(TRIM(SUBSTITUTE(VentesMagasins!$I16,".",",")))) -> 0.1 | Q16: =VALUE(TRIM(SUBSTITUTE(VentesMagasins!$J16,".",","))) -> 945 | R16: =Q16*(1-P16) -> 850.5 | S16: =IF(VentesMagasins!$K16=1,(-1)*R16,R16) -> 850.5 | T16: =IFERROR(VALUE(TRIM(SUBSTITUTE(VentesMagasins!$L16,".",","))),0) -> 5 | U16: =ROUND(IF(T16=0,AVERAGE(T16:T1015),T16),0) -> 5 | V16: =IF(AND(U16>0,U16<=2),"faible",IF(AND(U16>=3,U16<=4),"moyenne",IF(U16=5,"élévé",0))) -> élévé | W16: =_xlfn.XLOOKUP(VentesMagasins!$B16,Clients!ClientID,Région) -> Sud | X16: =INDEX(TypeClient,MATCH(VentesMagasins!$B16,Clients!ClientID)) -> Nouveau | Y16: oct
A17: 16 | B17: C1232 | C17: 45011 | D17: M2 | E17: Table | F17: Décoration | G17: 5 | H17: 146 | I17: 0.0 | J17: 730.0 | K17: 0 | L17: 4.0 | M17: =YEAR(VentesMagasins!$C17) -> 2023 | N17: {=MONTH(DateVente)} -> #VALUE! | O17: =PROPER(VentesMagasins!$F17) -> Décoration | P17: =VALUE(CLEAN(TRIM(SUBSTITUTE(VentesMagasins!$I17,".",",")))) -> 0 | Q17: =VALUE(TRIM(SUBSTITUTE(VentesMagasins!$J17,".",","))) -> 730 | R17: =Q17*(1-P17) -> 730 | S17: =IF(VentesMagasins!$K17=1,(-1)*R17,R17) -> 730 | T17: =IFERROR(VALUE(TRIM(SUBSTITUTE(VentesMagasins!$L17,".",","))),0) -> 4 | U17: =ROUND(IF(T17=0,AVERAGE(T17:T1016),T17),0) -> 4 | V17: =IF(AND(U17>0,U17<=2),"faible",IF(AND(U17>=3,U17<=4),"moyenne",IF(U17=5,"élévé",0))) -> moyenne | W17: =_xlfn.XLOOKUP(VentesMagasins!$B17,Clients!ClientID,Région) -> Nord | X17: =INDEX(TypeClient,MATCH(VentesMagasins!$B17,Clients!ClientID)) -> Fidèle | Y17: mars
A18: 17 | B18: C1104 | C18: 45669 | D18: M2 | E18: Tapis | F18: Meuble | G18: 5 | H18: 456 | I18: 0.1 | J18: 2052.0 | K18: 0 | L18: 5.0 | M18: =YEAR(VentesMagasins!$C18) -> 2025 | N18: {=MONTH(DateVente)} -> #VALUE! | O18: =PROPER(VentesMagasins!$F18) -> Meuble | P18: =VALUE(CLEAN(TRIM(SUBSTITUTE(VentesMagasins!$I18,".",",")))) -> 0.1 | Q18: =VALUE(TRIM(SUBSTITUTE(VentesMagasins!$J18,".",","))) -> 2052 | R18: =Q18*(1-P18) -> 1846.8 | S18: =IF(VentesMagasins!$K18=1,(-1)*R18,R18) -> 1846.8 | T18: =IFERROR(VALUE(TRIM(SUBSTITUTE(VentesMagasins!$L18,".",","))),0) -> 5 | U18: =ROUND(IF(T18=0,AVERAGE(T18:T1017),T18),0) -> 5 | V18: =IF(AND(U18>0,U18<=2),"faible",IF(AND(U18>=3,U18<=4),"moyenne",IF(U18=5,"élévé",0))) -> élévé | W18: =_xlfn.XLOOKUP(VentesMagasins!$B18,Clients!ClientID,Région) -> Centre | X18: =INDEX(TypeClient,MATCH(VentesMagasins!$B18,Clients!ClientID)) -> Fidèle | Y18: janv
A19: 18 | B19: C1183 | C19: 45669 | D19: M5 | E19: Canapé | F19: Électronique | G19: 4 | H19: 184 | I19: 0.15 | J19: 625.6 | K19: 0 | L19: 5.0 | M19: =YEAR(VentesMagasins!$C19) -> 2025 | N19: {=MONTH(DateVente)} -> #VALUE! | O19: =PROPER(VentesMagasins!$F19) -> Électronique | P19: =VALUE(CLEAN(TRIM(SUBSTITUTE(VentesMagasins!$I19,".",",")))) -> 0.15 | Q19: =VALUE(TRIM(SUBSTITUTE(VentesMagasins!$J19,".",","))) -> 625.6 | R19: =Q19*(1-P19) -> 531.76 | S19: =IF(VentesMagasins!$K19=1,(-1)*R19,R19) -> 531.76 | T19: =IFERROR(VALUE(TRIM(SUBSTITUTE(VentesMagasins!$L19,".",","))),0) -> 5 | U19: =ROUND(IF(T19=0,AVERAGE(T19:T1018),T19),0) -> 5 | V19: =IF(AND(U19>0,U19<=2),"faible",IF(AND(U19>=3,U19<=4),"moyenne",IF(U19=5,"élévé",0))) -> élévé | W19: =_xlfn.XLOOKUP(VentesMagasins!$B19,Clients!ClientID,Région) -> Centre | X19: =INDEX(TypeClient,MATCH(VentesMagasins!$B19,Clients!ClientID)) -> Fidèle | Y19: janv
A20: 19 | B20: C1182 | C20: 45299 | D20: M2 | E20: Enceinte | F20: Électronique | G20: 3 | H20: 141 | I20: 0.1 | J20: 380.7 | K20: 0 | L20: 4.0 | M20: =YEAR(VentesMagasins!$C20) -> 2024 | N20: {=MONTH(DateVente)} -> #VALUE! | O20: =PROPER(VentesMagasins!$F20) -> Électronique | P20: =VALUE(CLEAN(TRIM(SUBSTITUTE(VentesMagasins!$I20,".",",")))) -> 0.1 | Q20: =VALUE(TRIM(SUBSTITUTE(VentesMagasins!$J20,".",","))) -> 380.7 | R20: =Q20*(1-P20) -> 342.63 | S20: =IF(VentesMagasins!$K20=1,(-1)*R20,R20) -> 342.63 | T20: =IFERROR(VALUE(TRIM(SUBSTITUTE(VentesMagasins!$L20,".",","))),0) -> 4 | U20: =ROUND(IF(T20=0,AVERAGE(T20:T1019),T20),0) -> 4 | V20: =IF(AND(U20>0,U20<=2),"faible",IF(AND(U20>=3,U20<=4),"moyenne",IF(U20=5,"élévé",0))) -> moyenne | W20: =_xlfn.XLOOKUP(VentesMagasins!$B20,Clients!ClientID,Région) -> Sud | X20: =INDEX(TypeClient,MATCH(VentesMagasins!$B20,Clients!ClientID)) -> Occasionnel | Y20: janv
A21: 20 | B21: C1233 | C21: 45404 | D21: M3 | E21: Plante | F21: Meuble | G21: 3 | H21: 330 | I21: 0.15 | J21: 841.5 | K21: 0 | L21: 1.0 | M21: =YEAR(VentesMagasins!$C21) -> 2024 | N21: {=MONTH(DateVente)} -> #VALUE! | O21: =PROPER(VentesMagasins!$F21) -> Meuble | P21: =VALUE(CLEAN(TRIM(SUBSTITUTE(VentesMagasins!$I21,".",",")))) -> 0.15 | Q21: =VALUE(TRIM(SUBSTITUTE(VentesMagasins!$J21,".",","))) -> 841.5 | R21: =Q21*(1-P21) -> 715.275 | S21: =IF(VentesMagasins!$K21=1,(-1)*R21,R21) -> 715.275 | T21: =IFERROR(VALUE(TRIM(SUBSTITUTE(VentesMagasins!$L21,".",","))),0) -> 1 | U21: =ROUND(IF(T21=0,AVERAGE(T21:T1020),T21),0) -> 1 | V21: =IF(AND(U21>0,U21<=2),"faible",IF(AND(U21>=3,U21<=4),"moyenne",IF(U21=5,"élévé",0))) -> faible | W21: =_xlfn.XLOOKUP(VentesMagasins!$B21,Clients!ClientID,Région) -> Sud | X21: =INDEX(TypeClient,MATCH(VentesMagasins!$B21,Clients!ClientID)) -> Occasionnel | Y21: avr
A22: 21 | B22: C1290 | C22: 45318 | D22: M4 | E22: Enceinte | F22: Décoration | G22: 4 | H22: 443 | I22: 0.15 | J22: 1506.2 | K22: 0 | L22: 4.0 | M22: =YEAR(VentesMagasins!$C22) -> 2024 | N22: {=MONTH(DateVente)} -> #VALUE! | O22: =PROPER(VentesMagasins!$F22) -> Décoration | P22: =VALUE(CLEAN(TRIM(SUBSTITUTE(VentesMagasins!$I22,".",",")))) -> 0.15 | Q22: =VALUE(TRIM(SUBSTITUTE(VentesMagasins!$J22,".",","))) -> 1506.2 | R22: =Q22*(1-P22) -> 1280.27 | S22: =IF(VentesMagasins!$K22=1,(-1)*R22,R22) -> 1280.27 | T22: =IFERROR(VALUE(TRIM(SUBSTITUTE(VentesMagasins!$L22,".",","))),0) -> 4 | U22: =ROUND(IF(T22=0,AVERAGE(T22:T1021),T22),0) -> 4 | V22: =IF(AND(U22>0,U22<=2),"faible",IF(AND(U22>=3,U22<=4),"moyenne",IF(U22=5,"élévé",0))) -> moyenne | W22: =_xlfn.XLOOKUP(VentesMagasins!$B22,Clients!ClientID,Région) -> Nord | X22: =INDEX(TypeClient,MATCH(VentesMagasins!$B22,Clients!ClientID)) -> Fidèle | Y22: janv
A23: 22 | B23: C1214 | C23: 45877 | D23: M2 | E23: Table | F23: Électronique | G23: 3 | H23: 342 | I23: 0.05 | J23: 974.6999999999999 | K23: 1 | L23: 3.0 | M23: =YEAR(VentesMagasins!$C23) -> 2025 | N23: {=MONTH(DateVente)} -> #VALUE! | O23: =PROPER(VentesMagasins!$F23) -> Électronique | P23: =VALUE(CLEAN(TRIM(SUBSTITUTE(VentesMagasins!$I23,".",",")))) -> 0.05 | Q23: =VALUE(TRIM(SUBSTITUTE(VentesMagasins!$J23,".",","))) -> 974.7 | R23: =Q23*(1-P23) -> 925.965 | S23: =IF(VentesMagasins!$K23=1,(-1)*R23,R23) -> -925.965 | T23: =IFERROR(VALUE(TRIM(SUBSTITUTE(VentesMagasins!$L23,".",","))),0) -> 3 | U23: =ROUND(IF(T23=0,AVERAGE(T23:T1022),T23),0) -> 3 | V23: =IF(AND(U23>0,U23<=2),"faible",IF(AND(U23>=3,U23<=4),"moyenne",IF(U23=5,"élévé",0))) -> moyenne | W23: =_xlfn.XLOOKUP(VentesMagasins!$B23,Clients!ClientID,Région) -> Est | X23: =INDEX(TypeClient,MATCH(VentesMagasins!$B23,Clients!ClientID)) -> Fidèle | Y23: août
A24: 23 | B24: C1059 | C24: 45916 | D24: M3 | E24: Table | F24: Électronique | G24: 1 | H24: 55 | I24: 0.1 | J24: 49.5 | K24: 1 | L24: 4.0 | M24: =YEAR(VentesMagasins!$C24) -> 2025 | N24: {=MONTH(DateVente)} -> #VALUE! | O24: =PROPER(VentesMagasins!$F24) -> Électronique | P24: =VALUE(CLEAN(TRIM(SUBSTITUTE(VentesMagasins!$I24,".",",")))) -> 0.1 | Q24: =VALUE(TRIM(SUBSTITUTE(VentesMagasins!$J24,".",","))) -> 49.5 | R24: =Q24*(1-P24) -> 44.55 | S24: =IF(VentesMagasins!$K24=1,(-1)*R24,R24) -> -44.55 | T24: =IFERROR(VALUE(TRIM(SUBSTITUTE(VentesMagasins!$L24,".",","))),0) -> 4 | U24: =ROUND(IF(T24=0,AVERAGE(T24:T1023),T24),0) -> 4 | V24: =IF(AND(U24>0,U24<=2),"faible",IF(AND(U24>=3,U24<=4),"moyenne",IF(U24=5,"élévé",0))) -> moyenne | W24: =_xlfn.XLOOKUP(VentesMagasins!$B24,Clients!ClientID,Région) -> Ouest | X24: =INDEX(TypeClient,MATCH(VentesMagasins!$B24,Clients!ClientID)) -> Nouveau | Y24: sept
A25: 24 | B25: C1140 | C25: 45352 | D25: M2 | E25: Chaise | F25: Décoration | G25: 5 | H25: 102 | I25: 0.0 | J25: 510.0 | K25: 1 | L25: 1.0 | M25: =YEAR(VentesMagasins!$C25) -> 2024 | N25: {=MONTH(DateVente)} -> #VALUE! | O25: =PROPER(VentesMagasins!$F25) -> Décoration | P25: =VALUE(CLEAN(TRIM(SUBSTITUTE(VentesMagasins!$I25,".",",")))) -> 0 | Q25: =VALUE(TRIM(SUBSTITUTE(VentesMagasins!$J25,".",","))) -> 510 | R25: =Q25*(1-P25) -> 510 | S25: =IF(VentesMagasins!$K25=1,(-1)*R25,R25) -> -510 | T25: =IFERROR(VALUE(TRIM(SUBSTITUTE(VentesMagasins!$L25,".",","))),0) -> 1 | U25: =ROUND(IF(T25=0,AVERAGE(T25:T1024),T25),0) -> 1 | V25: =IF(AND(U25>0,U25<=2),"faible",IF(AND(U25>=3,U25<=4),"moyenne",IF(U25=5,"élévé",0))) -> faible | W25: =_xlfn.XLOOKUP(VentesMagasins!$B25,Clients!ClientID,Région) -> Centre | X25: =INDEX(TypeClient,MATCH(VentesMagasins!$B25,Clients!ClientID)) -> Nouveau | Y25: mars
A26: 25 | B26: C1285 | C26: 45229 | D26: M5 | E26: Canapé | F26: Décoration | G26: 5 | H26: 298 | I26: 0.15 | J26: 1266.5 | K26: 0 | L26: 5.0 | M26: =YEAR(VentesMagasins!$C26) -> 2023 | N26: {=MONTH(DateVente)} -> #VALUE! | O26: =PROPER(VentesMagasins!$F26) -> Décoration | P26: =VALUE(CLEAN(TRIM(SUBSTITUTE(VentesMagasins!$I26,".",",")))) -> 0.15 | Q26: =VALUE(TRIM(SUBSTITUTE(VentesMagasins!$J26,".",","))) -> 1266.5 | R26: =Q26*(1-P26) -> 1076.525 | S26: =IF(VentesMagasins!$K26=1,(-1)*R26,R26) -> 1076.525 | T26: =IFERROR(VALUE(TRIM(SUBSTITUTE(VentesMagasins!$L26,".",","))),0) -> 5 | U26: =ROUND(IF(T26=0,AVERAGE(T26:T1025),T26),0) -> 5 | V26: =IF(AND(U26>0,U26<=2),"faible",IF(AND(U26>=3,U26<=4),"moyenne",IF(U26=5,"élévé",0))) -> élévé | W26: =_xlfn.XLOOKUP(VentesMagasins!$B26,Clients!ClientID,Région) -> Ouest | X26: =INDEX(TypeClient,MATCH(VentesMagasins!$B26,Clients!ClientID)) -> Fidèle | Y26: oct
A27: 26 | B27: C1182 | C27: 45235 | D27: M5 | E27: Plante | F27: Meuble | G27: 1 | H27: 207 | I27: 0.1 | J27: 186.3 | K27: 0 | L27: 4.0 | M27: =YEAR(VentesMagasins!$C27) -> 2023 | N27: {=MONTH(DateVente)} -> #VALUE! | O27: =PROPER(VentesMagasins!$F27) -> Meuble | P27: =VALUE(CLEAN(TRIM(SUBSTITUTE(VentesMagasins!$I27,".",",")))) -> 0.1 | Q27: =VALUE(TRIM(SUBSTITUTE(VentesMagasins!$J27,".",","))) -> 186.3 | R27: =Q27*(1-P27) -> 167.67 | S27: =IF(VentesMagasins!$K27=1,(-1)*R27,R27) -> 167.67 | T27: =IFERROR(VALUE(TRIM(SUBSTITUTE(VentesMagasins!$L27,".",","))),0) -> 4 | U27: =ROUND(IF(T27=0,AVERAGE(T27:T1026),T27),0) -> 4 | V27: =IF(AND(U27>0,U27<=2),"faible",IF(AND(U27>=3,U27<=4),"moyenne",IF(U27=5,"élévé",0))) -> moyenne | W27: =_xlfn.XLOOKUP(VentesMagasins!$B27,Clients!ClientID,Région) -> Sud | X27: =INDEX(TypeClient,MATCH(VentesMagasins!$B27,Clients!ClientID)) -> Occasionnel | Y27: nov
A28: 27 | B28: C1106 | C28: 45920 | D28: M3 | E28: Télévision | F28: Décoration | G28: 5 | H28: 211 | I28: 0.15 | J28: 896.75 | K28: 1 | M28: =YEAR(VentesMagasins!$C28) -> 2025 | N28: {=MONTH(DateVente)} -> #VALUE! | O28: =PROPER(VentesMagasins!$F28) -> Décoration | P28: =VALUE(CLEAN(TRIM(SUBSTITUTE(VentesMagasins!$I28,".",",")))) -> 0.15 | Q28: =VALUE(TRIM(SUBSTITUTE(VentesMagasins!$J28,".",","))) -> 896.75 | R28: =Q28*(1-P28) -> 762.2375 | S28: =IF(VentesMagasins!$K28=1,(-1)*R28,R28) -> -762.2375 | T28: =IFERROR(VALUE(TRIM(SUBSTITUTE(VentesMagasins!$L28,".",","))),0) -> 0 | U28: =ROUND(IF(T28=0,AVERAGE(T28:T1027),T28),0) -> 2 | V28: =IF(AND(U28>0,U28<=2),"faible",IF(AND(U28>=3,U28<=4),"moyenne",IF(U28=5,"élévé",0))) -> faible | W28: =_xlfn.XLOOKUP(VentesMagasins!$B28,Clients!ClientID,Région) -> Nord | X28: =INDEX(TypeClient,MATCH(VentesMagasins!$B28,Clients!ClientID)) -> Nouveau | Y28: sept
A29: 28 | B29: C1282 | C29: 45867 | D29: M3 | E29: Table | F29: Électronique | G29: 4 | H29: 103 | I29: 0.0 | J29: 412.0 | K29: 0 | L29: 5.0 | M29: =YEAR(VentesMagasins!$C29) -> 2025 | N29: {=MONTH(DateVente)} -> #VALUE! | O29: =PROPER(VentesMagasins!$F29) -> Électronique | P29: =VALUE(CLEAN(TRIM(SUBSTITUTE(VentesMagasins!$I29,".",",")))) -> 0 | Q29: =VALUE(TRIM(SUBSTITUTE(VentesMagasins!$J29,".",","))) -> 412 | R29: =Q29*(1-P29) -> 412 | S29: =IF(VentesMagasins!$K29=1,(-1)*R29,R29) -> 412 | T29: =IFERROR(VALUE(TRIM(SUBSTITUTE(VentesMagasins!$L29,".",","))),0) -> 5 | U29: =ROUND(IF(T29=0,AVERAGE(T29:T1028),T29),0) -> 5 | V29: =IF(AND(U29>0,U29<=2),"faible",IF(AND(U29>=3,U29<=4),"moyenne",IF(U29=5,"élévé",0))) -> élévé | W29: =_xlfn.XLOOKUP(VentesMagasins!$B29,Clients!ClientID,Région) -> Sud | X29: =INDEX(TypeClient,MATCH(VentesMagasins!$B29,Clients!ClientID)) -> Fidèle | Y29: juil
A30: 29 | B30: C1094 | C30: 45547 | D30: M3 | E30: Télévision | F30: Électronique | G30: 5 | H30: 428 | I30: 0.1 | J30: 1926.0 | K30: 0 | L30: 2.0 | M30: =YEAR(VentesMagasins!$C30) -> 2024 | N30: {=MONTH(DateVente)} -> #VALUE! | O30: =PROPER(VentesMagasins!$F30) -> Électronique | P30: =VALUE(CLEAN(TRIM(SUBSTITUTE(VentesMagasins!$I30,".",",")))) -> 0.1 | Q30: =VALUE(TRIM(SUBSTITUTE(VentesMagasins!$J30,".",","))) -> 1926 | R30: =Q30*(1-P30) -> 1733.4 | S30: =IF(VentesMagasins!$K30=1,(-1)*R30,R30) -> 1733.4 | T30: =IFERROR(VALUE(TRIM(SUBSTITUTE(VentesMagasins!$L30,".",","))),0) -> 2 | U30: =ROUND(IF(T30=0,AVERAGE(T30:T1029),T30),0) -> 2 | V30: =IF(AND(U30>0,U30<=2),"faible",IF(AND(U30>=3,U30<=4),"moyenne",IF(U30=5,"élévé",0))) -> faible | W30: =_xlfn.XLOOKUP(VentesMagasins!$B30,Clients!ClientID,Région) -> Centre | X30: =INDEX(TypeClient,MATCH(VentesMagasins!$B30,Clients!ClientID)) -> Nouveau | Y30: sept
A31: 30 | B31: C1141 | C31: 45536 | D31: M3 | E31: Tapis | F31: Décoration | G31: 3 | H31: 123 | I31: 0.15 | J31: 313.65 | K31: 0 | L31: 2.0 | M31: =YEAR(VentesMagasins!$C31) -> 2024 | N31: {=MONTH(DateVente)} -> #VALUE! | O31: =PROPER(VentesMagasins!$F31) -> Décoration | P31: =VALUE(CLEAN(TRIM(SUBSTITUTE(VentesMagasins!$I31,".",",")))) -> 0.15 | Q31: =VALUE(TRIM(SUBSTITUTE(VentesMagasins!$J31,".",","))) -> 313.65 | R31: =Q31*(1-P31) -> 266.6025 | S31: =IF(VentesMagasins!$K31=1,(-1)*R31,R31) -> 266.6025 | T31: =IFERROR(VALUE(TRIM(SUBSTITUTE(VentesMagasins!$L31,".",","))),0) -> 2 | U31: =ROUND(IF(T31=0,AVERAGE(T31:T1030),T31),0) -> 2 | V31: =IF(AND(U31>0,U31<=2),"faible",IF(AND(U31>=3,U31<=4),"moyenne",IF(U31=5,"élévé",0))) -> faible | W31: =_xlfn.XLOOKUP(VentesMagasins!$B31,Clients!ClientID,Région) -> Est | X31: =INDEX(TypeClient,MATCH(VentesMagasins!$B31,Clients!ClientID)) -> Fidèle | Y31: sept
A32: 31 | B32: C1295 | C32: 44944 | D32: M1 | E32: Chaise | F32: Décoration | G32: 2 | H32: 151 | I32: 0.1 | J32: 271.8 | K32: 0 | L32: 1.0 | M32: =YEAR(VentesMagasins!$C32) -> 2023 | N32: {=MONTH(DateVente)} -> #VALUE! | O32: =PROPER(VentesMagasins!$F32) -> Décoration | P32: =VALUE(CLEAN(TRIM(SUBSTITUTE(VentesMagasins!$I32,".",",")))) -> 0.1 | Q32: =VALUE(TRIM(SUBSTITUTE(VentesMagasins!$J32,".",","))) -> 271.8 | R32: =Q32*(1-P32) -> 244.62 | S32: =IF(VentesMagasins!$K32=1,(-1)*R32,R32) -> 244.62 | T32: =IFERROR(VALUE(TRIM(SUBSTITUTE(VentesMagasins!$L32,".",","))),0) -> 1 | U32: =ROUND(IF(T32=0,AVERAGE(T32:T1031),T32),0) -> 1 | V32: =IF(AND(U32>0,U32<=2),"faible",IF(AND(U32>=3,U32<=4),"moyenne",IF(U32=5,"élévé",0))) -> faible | W32: =_xlfn.XLOOKUP(VentesMagasins!$B32,Clients!ClientID,Région) -> Sud | X32: =INDEX(TypeClient,MATCH(VentesMagasins!$B32,Clients!ClientID)) -> Nouveau | Y32: janv
A33: 32 | B33: C1095 | C33: 44990 | D33: M2 | E33: Chaise | F33: Électronique | G33: 5 | H33: 36 | I33: 0.0 | J33: 162.0 | K33: 0 | M33: =YEAR(VentesMagasins!$C33) -> 2023 | N33: {=MONTH(DateVente)} -> #VALUE! | O33: =PROPER(VentesMagasins!$F33) -> Électronique | P33: =VALUE(CLEAN(TRIM(SUBSTITUTE(VentesMagasins!$I33,".",",")))) -> 0 | Q33: =VALUE(TRIM(SUBSTITUTE(VentesMagasins!$J33,".",","))) -> 162 | R33: =Q33*(1-P33) -> 162 | S33: =IF(VentesMagasins!$K33=1,(-1)*R33,R33) -> 162 | T33: =IFERROR(VALUE(TRIM(SUBSTITUTE(VentesMagasins!$L33,".",","))),0) -> 0 | U33: =ROUND(IF(T33=0,AVERAGE(T33:T1032),T33),0) -> 2 | V33: =IF(AND(U33>0,U33<=2),"faible",IF(AND(U33>=3,U33<=4),"moyenne",IF(U33=5,"élévé",0))) -> faible | W33: =_xlfn.XLOOKUP(VentesMagasins!$B33,Clients!ClientID,Région) -> Est | X33: =INDEX(TypeClient,MATCH(VentesMagasins!$B33,Clients!ClientID)) -> Fidèle | Y33: mars
A34: 33 | B34: C1047 | C34: 45872 | D34: M4 | E34: Télévision | F34: Meuble | G34: 5 | H34: 478 | I34: 0.0 | J34: 2390.0 | K34: 0 | M34: =YEAR(VentesMagasins!$C34) -> 2025 | N34: {=MONTH(DateVente)} -> #VALUE! | O34: =PROPER(VentesMagasins!$F34) -> Meuble | P34: =VALUE(CLEAN(TRIM(SUBSTITUTE(VentesMagasins!$I34,".",",")))) -> 0 | Q34: =VALUE(TRIM(SUBSTITUTE(VentesMagasins!$J34,".",","))) -> 2390 | R34: =Q34*(1-P34) -> 2390 | S34: =IF(VentesMagasins!$K34=1,(-1)*R34,R34) -> 2390 | T34: =IFERROR(VALUE(TRIM(SUBSTITUTE(VentesMagasins!$L34,".",","))),0) -> 0 | U34: =ROUND(IF(T34=0,AVERAGE(T34:T1033),T34),0) -> 2 | V34: =IF(AND(U34>0,U34<=2),"faible",IF(AND(U34>=3,U34<=4),"moyenne",IF(U34=5,"élévé",0))) -> faible | W34: =_xlfn.XLOOKUP(VentesMagasins!$B34,Clients!ClientID,Région) -> Est | X34: =INDEX(TypeClient,MATCH(VentesMagasins!$B34,Clients!ClientID)) -> Occasionnel | Y34: août
A35: 34 | B35: C1215 | C35: 45164 | D35: M2 | E35: Plante | F35: Décoration | G35: 2 | H35: 354 | I35: 0.15 | J35: 541.62 | K35: 0 | L35: 1.0 | M35: =YEAR(VentesMagasins!$C35) -> 2023 | N35: {=MONTH(DateVente)} -> #VALUE! | O35: =PROPER(VentesMagasins!$F35) -> Décoration | P35: =VALUE(CLEAN(TRIM(SUBSTITUTE(VentesMagasins!$I35,".",",")))) -> 0.15 | Q35: =VALUE(TRIM(SUBSTITUTE(VentesMagasins!$J35,".",","))) -> 541.62 | R35: =Q35*(1-P35) -> 460.377 | S35: =IF(VentesMagasins!$K35=1,(-1)*R35,R35) -> 460.377 | T35: =IFERROR(VALUE(TRIM(SUBSTITUTE(VentesMagasins!$L35,".",","))),0) -> 1 | U35: =ROUND(IF(T35=0,AVERAGE(T35:T1034),T35),0) -> 1 | V35: =IF(AND(U35>0,U35<=2),"faible",IF(AND(U35>=3,U35<=4),"moyenne",IF(U35=5,"élévé",0))) -> faible | W35: =_xlfn.XLOOKUP(VentesMagasins!$B35,Clients!ClientID,Région) -> Est | X35: =INDEX(TypeClient,MATCH(VentesMagasins!$B35,Clients!ClientID)) -> Occasionnel | Y35: août
A36: 35 | B36: C1058 | C36: 45091 | D36: M5 | E36: Plante | F36: Électronique | G36: 2 | H36: 270 | I36: 0.05 | J36: 513.0 | K36: 1 | L36: 1.0 | M36: =YEAR(VentesMagasins!$C36) -> 2023 | N36: {=MONTH(DateVente)} -> #VALUE! | O36: =PROPER(VentesMagasins!$F36) -> Électronique | P36: =VALUE(CLEAN(TRIM(SUBSTITUTE(VentesMagasins!$I36,".",",")))) -> 0.05 | Q36: =VALUE(TRIM(SUBSTITUTE(VentesMagasins!$J36,".",","))) -> 513 | R36: =Q36*(1-P36) -> 487.35 | S36: =IF(VentesMagasins!$K36=1,(-1)*R36,R36) -> -487.35 | T36: =IFERROR(VALUE(TRIM(SUBSTITUTE(VentesMagasins!$L36,".",","))),0) -> 1 | U36: =ROUND(IF(T36=0,AVERAGE(T36:T1035),T36),0) -> 1 | V36: =IF(AND(U36>0,U36<=2),"faible",IF(AND(U36>=3,U36<=4),"moyenne",IF(U36=5,"élévé",0))) -> faible | W36: =_xlfn.XLOOKUP(VentesMagasins!$B36,Clients!ClientID,Région) -> Centre | X36: =INDEX(TypeClient,MATCH(VentesMagasins!$B36,Clients!ClientID)) -> Nouveau | Y36: juin
A37: 36 | B37: C1256 | C37: 45571 | D37: M3 | E37: Chaise | F37: Décoration | G37: 5 | H37: 199 | I37: 0.1 | J37: 895.5 | K37: 0 | L37: 5.0 | M37: =YEAR(VentesMagasins!$C37) -> 2024 | N37: {=MONTH(DateVente)} -> #VALUE! | O37: =PROPER(VentesMagasins!$F37) -> Décoration | P37: =VALUE(CLEAN(TRIM(SUBSTITUTE(VentesMagasins!$I37,".",",")))) -> 0.1 | Q37: =VALUE(TRIM(SUBSTITUTE(VentesMagasins!$J37,".",","))) -> 895.5 | R37: =Q37*(1-P37) -> 805.95 | S37: =IF(VentesMagasins!$K37=1,(-1)*R37,R37) -> 805.95 | T37: =IFERROR(VALUE(TRIM(SUBSTITUTE(VentesMagasins!$L37,".",","))),0) -> 5 | U37: =ROUND(IF(T37=0,AVERAGE(T37:T1036),T37),0) -> 5 | V37: =IF(AND(U37>0,U37<=2),"faible",IF(AND(U37>=3,U37<=4),"moyenne",IF(U37=5,"élévé",0))) -> élévé | W37: =_xlfn.XLOOKUP(VentesMagasins!$B37,Clients!ClientID,Région) -> Est | X37: =INDEX(TypeClient,MATCH(VentesMagasins!$B37,Clients!ClientID)) -> Nouveau | Y37: oct
A38: 37 | B38: C1012 | C38: 45679 | D38: M1 | E38: Plante | F38: Décoration | G38: 1 | H38: 329 | I38: 0.05 | J38: 312.55 | K38: 0 | M38: =YEAR(VentesMagasins!$C38) -> 2025 | N38: {=MONTH(DateVente)} -> #VALUE! | O38: =PROPER(VentesMagasins!$F38) -> Décoration | P38: =VALUE(CLEAN(TRIM(SUBSTITUTE(VentesMagasins!$I38,".",",")))) -> 0.05 | Q38: =VALUE(TRIM(SUBSTITUTE(VentesMagasins!$J38,".",","))) -> 312.55 | R38: =Q38*(1-P38) -> 296.9225 | S38: =IF(VentesMagasins!$K38=1,(-1)*R38,R38) -> 296.9225 | T38: =IFERROR(VALUE(TRIM(SUBSTITUTE(VentesMagasins!$L38,".",","))),0) -> 0 | U38: =ROUND(IF(T38=0,AVERAGE(T38:T1037),T38),0) -> 3 | V38: =IF(AND(U38>0,U38<=2),"faible",IF(AND(U38>=3,U38<=4),"moyenne",IF(U38=5,"élévé",0))) -> moyenne | W38: =_xlfn.XLOOKUP(VentesMagasins!$B38,Clients!ClientID,Région) -> Ouest | X38: =INDEX(TypeClient,MATCH(VentesMagasins!$B38,Clients!ClientID)) -> Nouveau | Y38: janv
A39: 38 | B39: C1207 | C39: 45165 | D39: M3 | E39: Canapé | F39: Décoration | G39: 4 | H39: 311 | I39: 0.05 | J39: 1181.8 | K39: 0 | L39: 5.0 | M39: =YEAR(VentesMagasins!$C39) -> 2023 | N39: {=MONTH(DateVente)} -> #VALUE! | O39: =PROPER(VentesMagasins!$F39) -> Décoration | P39: =VALUE(CLEAN(TRIM(SUBSTITUTE(VentesMagasins!$I39,".",",")))) -> 0.05 | Q39: =VALUE(TRIM(SUBSTITUTE(VentesMagasins!$J39,".",","))) -> 1181.8 | R39: =Q39*(1-P39) -> 1122.71 | S39: =IF(VentesMagasins!$K39=1,(-1)*R39,R39) -> 1122.71 | T39: =IFERROR(VALUE(TRIM(SUBSTITUTE(VentesMagasins!$L39,".",","))),0) -> 5 | U39: =ROUND(IF(T39=0,AVERAGE(T39:T1038),T39),0) -> 5 | V39: =IF(AND(U39>0,U39<=2),"faible",IF(AND(U39>=3,U39<=4),"moyenne",IF(U39=5,"élévé",0))) -> élévé | W39: =_xlfn.XLOOKUP(VentesMagasins!$B39,Clients!ClientID,Région) -> Est | X39: =INDEX(TypeClient,MATCH(VentesMagasins!$B39,Clients!ClientID)) -> Fidèle | Y39: août
A40: 39 | B40: C1089 | C40: 46003 | D40: M1 | E40: Plante | F40: Décoration | G40: 3 | H40: 46 | I40: 0.05 | J40: 131.1 | K40: 0 | L40: 3.0 | M40: =YEAR(VentesMagasins!$C40) -> 2025 | N40: {=MONTH(DateVente)} -> #VALUE! | O40: =PROPER(VentesMagasins!$F40) -> Décoration | P40: =VALUE(CLEAN(TRIM(SUBSTITUTE(VentesMagasins!$I40,".",",")))) -> 0.05 | Q40: =VALUE(TRIM(SUBSTITUTE(VentesMagasins!$J40,".",","))) -> 131.1 | R40: =Q40*(1-P40) -> 124.545 | S40: =IF(VentesMagasins!$K40=1,(-1)*R40,R40) -> 124.545 | T40: =IFERROR(VALUE(TRIM(SUBSTITUTE(VentesMagasins!$L40,".",","))),0) -> 3 | U40: =ROUND(IF(T40=0,AVERAGE(T40:T1039),T40),0) -> 3 | V40: =IF(AND(U40>0,U40<=2),"faible",IF(AND(U40>=3,U40<=4),"moyenne",IF(U40=5,"élévé",0))) -> moyenne | W40: =_xlfn.XLOOKUP(VentesMagasins!$B40,Clients!ClientID,Région) -> Centre | X40: =INDEX(TypeClient,MATCH(VentesMagasins!$B40,Clients!ClientID)) -> Occasionnel | Y40: déc
A41: 40 | B41: C1002 | C41: 45679 | D41: m3 | E41: Table | F41: Décoration | G41: 1 | H41: 136 | I41: 0.05 | J41: 129.2 | K41: 0 | L41: 3.0 | M41: =YEAR(VentesMagasins!$C41) -> 2025 | N41: {=MONTH(DateVente)} -> #VALUE! | O41: =PROPER(VentesMagasins!$F41) -> Décoration | P41: =VALUE(CLEAN(TRIM(SUBSTITUTE(VentesMagasins!$I41,".",",")))) -> 0.05 | Q41: =VALUE(TRIM(SUBSTITUTE(VentesMagasins!$J41,".",","))) -> 129.2 | R41: =Q41*(1-P41) -> 122.74 | S41: =IF(VentesMagasins!$K41=1,(-1)*R41,R41) -> 122.74 | T41: =IFERROR(VALUE(TRIM(SUBSTITUTE(VentesMagasins!$L41,".",","))),0) -> 3 | U41: =ROUND(IF(T41=0,AVERAGE(T41:T1040),T41),0) -> 3 | V41: =IF(AND(U41>0,U41<=2),"faible",IF(AND(U41>=3,U41<=4),"moyenne",IF(U41=5,"élévé",0))) -> moyenne | W41: =_xlfn.XLOOKUP(VentesMagasins!$B41,Clients!ClientID,Région) -> Nord | X41: =INDEX(TypeClient,MATCH(VentesMagasins!$B41,Clients!ClientID)) -> Occasionnel | Y41: janv
A42: 41 | B42: C1144 | C42: 45908 | D42: M1 | E42: Télévision | F42: Électronique | G42: 3 | H42: 424 | I42: 0.0 | J42: 1272.0 | K42: 1 | L42: 4.0 | M42: =YEAR(VentesMagasins!$C42) -> 2025 | N42: {=MONTH(DateVente)} -> #VALUE! | O42: =PROPER(VentesMagasins!$F42) -> Électronique | P42: =VALUE(CLEAN(TRIM(SUBSTITUTE(VentesMagasins!$I42,".",",")))) -> 0 | Q42: =VALUE(TRIM(SUBSTITUTE(VentesMagasins!$J42,".",","))) -> 1272 | R42: =Q42*(1-P42) -> 1272 | S42: =IF(VentesMagasins!$K42=1,(-1)*R42,R42) -> -1272 | T42: =IFERROR(VALUE(TRIM(SUBSTITUTE(VentesMagasins!$L42,".",","))),0) -> 4 | U42: =ROUND(IF(T42=0,AVERAGE(T42:T1041),T42),0) -> 4 | V42: =IF(AND(U42>0,U42<=2),"faible",IF(AND(U42>=3,U42<=4),"moyenne",IF(U42=5,"élévé",0))) -> moyenne | W42: =_xlfn.XLOOKUP(VentesMagasins!$B42,Clients!ClientID,Région) -> Sud | X42: =INDEX(TypeClient,MATCH(VentesMagasins!$B42,Clients!ClientID)) -> Nouveau | Y42: sept
A43: 42 | B43: C1181 | C43: 45527 | D43: M4 | E43: Chaise | F43: Décoration | G43: 4 | H43: 468 | I43: 0.1 | J43: 1684.8 | K43: 0 | L43: 3.0 | M43: =YEAR(VentesMagasins!$C43) -> 2024 | N43: {=MONTH(DateVente)} -> #VALUE! | O43: =PROPER(VentesMagasins!$F43) -> Décoration | P43: =VALUE(CLEAN(TRIM(SUBSTITUTE(VentesMagasins!$I43,".",",")))) -> 0.1 | Q43: =VALUE(TRIM(SUBSTITUTE(VentesMagasins!$J43,".",","))) -> 1684.8 | R43: =Q43*(1-P43) -> 1516.32 | S43: =IF(VentesMagasins!$K43=1,(-1)*R43,R43) -> 1516.32 | T43: =IFERROR(VALUE(TRIM(SUBSTITUTE(VentesMagasins!$L43,".",","))),0) -> 3 | U43: =ROUND(IF(T43=0,AVERAGE(T43:T1042),T43),0) -> 3 | V43: =IF(AND(U43>0,U43<=2),"faible",IF(AND(U43>=3,U43<=4),"moyenne",IF(U43=5,"élévé",0))) -> moyenne | W43: =_xlfn.XLOOKUP(VentesMagasins!$B43,Clients!ClientID,Région) -> Ouest | X43: =INDEX(TypeClient,MATCH(VentesMagasins!$B43,Clients!ClientID)) -> Fidèle | Y43: août
A44: 43 | B44: C1232 | C44: 45625 | D44: M1 | E44: Tapis | F44: Décoration | G44: 5 | H44: 428 | I44: 0.1 | J44: 1926.0 | K44: 0 | M44: =YEAR(VentesMagasins!$C44) -> 2024 | N44: {=MONTH(DateVente)} -> #VALUE! | O44: =PROPER(VentesMagasins!$F44) -> Décoration | P44: =VALUE(CLEAN(TRIM(SUBSTITUTE(VentesMagasins!$I44,".",",")))) -> 0.1 | Q44: =VALUE(TRIM(SUBSTITUTE(VentesMagasins!$J44,".",","))) -> 1926 | R44: =Q44*(1-P44) -> 1733.4 | S44: =IF(VentesMagasins!$K44=1,(-1)*R44,R44) -> 1733.4 | T44: =IFERROR(VALUE(TRIM(SUBSTITUTE(VentesMagasins!$L44,".",","))),0) -> 0 | U44: =ROUND(IF(T44=0,AVERAGE(T44:T1043),T44),0) -> 2 | V44: =IF(AND(U44>0,U44<=2),"faible",IF(AND(U44>=3,U44<=4),"moyenne",IF(U44=5,"élévé",0))) -> faible | W44: =_xlfn.XLOOKUP(VentesMagasins!$B44,Clients!ClientID,Région) -> Nord | X44: =INDEX(TypeClient,MATCH(VentesMagasins!$B44,Clients!ClientID)) -> Fidèle | Y44: nov
A45: 44 | B45: C1173 | C45: 45455 | D45: M4 | E45: Enceinte | F45: Électronique | G45: 4 | H45: 454 | I45: 0.05 | J45: 1725.1999999999998 | K45: 0 | M45: =YEAR(VentesMagasins!$C45) -> 2024 | N45: {=MONTH(DateVente)} -> #VALUE! | O45: =PROPER(VentesMagasins!$F45) -> Électronique | P45: =VALUE(CLEAN(TRIM(SUBSTITUTE(VentesMagasins!$I45,".",",")))) -> 0.05 | Q45: =VALUE(TRIM(SUBSTITUTE(VentesMagasins!$J45,".",","))) -> 1725.2 | R45: =Q45*(1-P45) -> 1638.94 | S45: =IF(VentesMagasins!$K45=1,(-1)*R45,R45) -> 1638.94 | T45: =IFERROR(VALUE(TRIM(SUBSTITUTE(VentesMagasins!$L45,".",","))),0) -> 0 | U45: =ROUND(IF(T45=0,AVERAGE(T45:T1044),T45),0) -> 3 | V45: =IF(AND(U45>0,U45<=2),"faible",IF(AND(U45>=3,U45<=4),"moyenne",IF(U45=5,"élévé",0))) -> moyenne | W45: =_xlfn.XLOOKUP(VentesMagasins!$B45,Clients!ClientID,Région) -> Sud | X45: =INDEX(TypeClient,MATCH(VentesMagasins!$B45,Clients!ClientID)) -> Nouveau | Y45: juin
A46: 45 | B46: C1191 | C46: 45459 | D46: M4 | E46: Enceinte | F46: Décoration | G46: 1 | H46: 254 | I46: 0.1 | J46: 228.6 | K46: 1 | M46: =YEAR(VentesMagasins!$C46) -> 2024 | N46: {=MONTH(DateVente)} -> #VALUE! | O46: =PROPER(VentesMagasins!$F46) -> Décoration | P46: =VALUE(CLEAN(TRIM(SUBSTITUTE(VentesMagasins!$I46,".",",")))) -> 0.1 | Q46: =VALUE(TRIM(SUBSTITUTE(VentesMagasins!$J46,".",","))) -> 228.6 | R46: =Q46*(1-P46) -> 205.74 | S46: =IF(VentesMagasins!$K46=1,(-1)*R46,R46) -> -205.74 | T46: =IFERROR(VALUE(TRIM(SUBSTITUTE(VentesMagasins!$L46,".",","))),0) -> 0 | U46: =ROUND(IF(T46=0,AVERAGE(T46:T1045),T46),0) -> 3 | V46: =IF(AND(U46>0,U46<=2),"faible",IF(AND(U46>=3,U46<=4),"moyenne",IF(U46=5,"élévé",0))) -> moyenne | W46: =_xlfn.XLOOKUP(VentesMagasins!$B46,Clients!ClientID,Région) -> Nord | X46: =INDEX(TypeClient,MATCH(VentesMagasins!$B46,Clients!ClientID)) -> Fidèle | Y46: juin
A47: 46 | B47: C1280 | C47: 45136 | D47: M5 | E47: Table | F47: Décoration | G47: 5 | H47: 495 | I47: 0.1 | J47: 2227.5 | K47: 1 | L47: 4.0 | M47: =YEAR(VentesMagasins!$C47) -> 2023 | N47: {=MONTH(DateVente)} -> #VALUE! | O47: =PROPER(VentesMagasins!$F47) -> Décoration | P47: =VALUE(CLEAN(TRIM(SUBSTITUTE(VentesMagasins!$I47,".",",")))) -> 0.1 | Q47: =VALUE(TRIM(SUBSTITUTE(VentesMagasins!$J47,".",","))) -> 2227.5 | R47: =Q47*(1-P47) -> 2004.75 | S47: =IF(VentesMagasins!$K47=1,(-1)*R47,R47) -> -2004.75 | T47: =IFERROR(VALUE(TRIM(SUBSTITUTE(VentesMagasins!$L47,".",","))),0) -> 4 | U47: =ROUND(IF(T47=0,AVERAGE(T47:T1046),T47),0) -> 4 | V47: =IF(AND(U47>0,U47<=2),"faible",IF(AND(U47>=3,U47<=4),"moyenne",IF(U47=5,"élévé",0))) -> moyenne | W47: =_xlfn.XLOOKUP(VentesMagasins!$B47,Clients!ClientID,Région) -> Ouest | X47: =INDEX(TypeClient,MATCH(VentesMagasins!$B47,Clients!ClientID)) -> Nouveau | Y47: juil
A48: 47 | B48: C1081 | C48: 45533 | D48: M5 | E48: Lampe | F48: Meuble | G48: 3 | H48: 464 | I48: 0.05 | J48: 1322.3999999999999 | K48: 0 | L48: 1.0 | M48: =YEAR(VentesMagasins!$C48) -> 2024 | N48: {=MONTH(DateVente)} -> #VALUE! | O48: =PROPER(VentesMagasins!$F48) -> Meuble | P48: =VALUE(CLEAN(TRIM(SUBSTITUTE(VentesMagasins!$I48,".",",")))) -> 0.05 | Q48: =VALUE(TRIM(SUBSTITUTE(VentesMagasins!$J48,".",","))) -> 1322.4 | R48: =Q48*(1-P48) -> 1256.28 | S48: =IF(VentesMagasins!$K48=1,(-1)*R48,R48) -> 1256.28 | T48: =IFERROR(VALUE(TRIM(SUBSTITUTE(VentesMagasins!$L48,".",","))),0) -> 1 | U48: =ROUND(IF(T48=0,AVERAGE(T48:T1047),T48),0) -> 1 | V48: =IF(AND(U48>0,U48<=2),"faible",IF(AND(U48>=3,U48<=4),"moyenne",IF(U48=5,"élévé",0))) -> faible | W48: =_xlfn.XLOOKUP(VentesMagasins!$B48,Clients!ClientID,Région) -> Centre | X48: =INDEX(TypeClient,MATCH(VentesMagasins!$B48,Clients!ClientID)) -> Fidèle | Y48: août
A49: 48 | B49: C1143 | C49: 45329 | D49: M2 | E49: Tapis | F49: Meuble | G49: 3 | H49: 473 | I49: 0.05 | J49: 1348.05 | K49: 1 | M49: =YEAR(VentesMagasins!$C49) -> 2024 | N49: {=MONTH(DateVente)} -> #VALUE! | O49: =PROPER(VentesMagasins!$F49) -> Meuble | P49: =VALUE(CLEAN(TRIM(SUBSTITUTE(VentesMagasins!$I49,".",",")))) -> 0.05 | Q49: =VALUE(TRIM(SUBSTITUTE(VentesMagasins!$J49,".",","))) -> 1348.05 | R49: =Q49*(1-P49) -> 1280.6475 | S49: =IF(VentesMagasins!$K49=1,(-1)*R49,R49) -> -1280.6475 | T49: =IFERROR(VALUE(TRIM(SUBSTITUTE(VentesMagasins!$L49,".",","))),0) -> 0 | U49: =ROUND(IF(T49=0,AVERAGE(T49:T1048),T49),0) -> 3 | V49: =IF(AND(U49>0,U49<=2),"faible",IF(AND(U49>=3,U49<=4),"moyenne",IF(U49=5,"élévé",0))) -> moyenne | W49: =_xlfn.XLOOKUP(VentesMagasins!$B49,Clients!ClientID,Région) -> Centre | X49: =INDEX(TypeClient,MATCH(VentesMagasins!$B49,Clients!ClientID)) -> Fidèle | Y49: févr
A50: 49 | B50: C1265 | C50: 45387 | D50: M1 | E50: Chaise | F50: Meuble | G50: 4 | H50: 317 | I50: 0.15 | J50: 1077.8 | K50: 0 | L50: 4.0 | M50: =YEAR(VentesMagasins!$C50) -> 2024 | N50: {=MONTH(DateVente)} -> #VALUE! | O50: =PROPER(VentesMagasins!$F50) -> Meuble | P50: =VALUE(CLEAN(TRIM(SUBSTITUTE(VentesMagasins!$I50,".",",")))) -> 0.15 | Q50: =VALUE(TRIM(SUBSTITUTE(VentesMagasins!$J50,".",","))) -> 1077.8 | R50: =Q50*(1-P50) -> 916.13 | S50: =IF(VentesMagasins!$K50=1,(-1)*R50,R50) -> 916.13 | T50: =IFERROR(VALUE(TRIM(SUBSTITUTE(VentesMagasins!$L50,".",","))),0) -> 4 | U50: =ROUND(IF(T50=0,AVERAGE(T50:T1049),T50),0) -> 4 | V50: =IF(AND(U50>0,U50<=2),"faible",IF(AND(U50>=3,U50<=4),"moyenne",IF(U50=5,"élévé",0))) -> moyenne | W50: =_xlfn.XLOOKUP(VentesMagasins!$B50,Clients!ClientID,Région) -> Est | X50: =INDEX(TypeClient,MATCH(VentesMagasins!$B50,Clients!ClientID)) -> Nouveau | Y50: avr
A51: 50 | B51: C1071 | C51: 45699 | D51: M3 | E51: Enceinte | F51: Décoration | G51: 4 | H51: 295 | I51: 0.15 | J51: 1003.0 | K51: 0 | L51: 3.0 | M51: =YEAR(VentesMagasins!$C51) -> 2025 | N51: {=MONTH(DateVente)} -> #VALUE! | O51: =PROPER(VentesMagasins!$F51) -> Décoration | P51: =VALUE(CLEAN(TRIM(SUBSTITUTE(VentesMagasins!$I51,".",",")))) -> 0.15 | Q51: =VALUE(TRIM(SUBSTITUTE(VentesMagasins!$J51,".",","))) -> 1003 | R51: =Q51*(1-P51) -> 852.55 | S51: =IF(VentesMagasins!$K51=1,(-1)*R51,R51) -> 852.55 | T51: =IFERROR(VALUE(TRIM(SUBSTITUTE(VentesMagasins!$L51,".",","))),0) -> 3 | U51: =ROUND(IF(T51=0,AVERAGE(T51:T1050),T51),0) -> 3 | V51: =IF(AND(U51>0,U51<=2),"faible",IF(AND(U51>=3,U51<=4),"moyenne",IF(U51=5,"élévé",0))) -> moyenne | W51: =_xlfn.XLOOKUP(VentesMagasins!$B51,Clients!ClientID,Région) -> Sud | X51: =INDEX(TypeClient,MATCH(VentesMagasins!$B51,Clients!ClientID)) -> Occasionnel | Y51: févr
A52: 51 | B52: C1113 | C52: 45879 | D52: M1 | E52: Tapis | F52: Décoration | G52: 5 | H52: 88 | I52: 0.1 | J52: 396.0 | K52: 1 | L52: 1.0 | M52: =YEAR(VentesMagasins!$C52) -> 2025 | N52: {=MONTH(DateVente)} -> #VALUE! | O52: =PROPER(VentesMagasins!$F52) -> Décoration | P52: =VALUE(CLEAN(TRIM(SUBSTITUTE(VentesMagasins!$I52,".",",")))) -> 0.1 | Q52: =VALUE(TRIM(SUBSTITUTE(VentesMagasins!$J52,".",","))) -> 396 | R52: =Q52*(1-P52) -> 356.4 | S52: =IF(VentesMagasins!$K52=1,(-1)*R52,R52) -> -356.4 | T52: =IFERROR(VALUE(TRIM(SUBSTITUTE(VentesMagasins!$L52,".",","))),0) -> 1 | U52: =ROUND(IF(T52=0,AVERAGE(T52:T1051),T52),0) -> 1 | V52: =IF(AND(U52>0,U52<=2),"faible",IF(AND(U52>=3,U52<=4),"moyenne",IF(U52=5,"élévé",0))) -> faible | W52: =_xlfn.XLOOKUP(VentesMagasins!$B52,Clients!ClientID,Région) -> Ouest | X52: =INDEX(TypeClient,MATCH(VentesMagasins!$B52,Clients!ClientID)) -> Occasionnel | Y52: août
A53: 52 | B53: C1267 | C53: 45260 | D53: m5 | E53: Table | F53: Meuble | G53: 3 | H53: 253 | I53: 0.15 | J53: 645.15 | K53: 1 | L53: 1.0 | M53: =YEAR(VentesMagasins!$C53) -> 2023 | N53: {=MONTH(DateVente)} -> #VALUE! | O53: =PROPER(VentesMagasins!$F53) -> Meuble | P53: =VALUE(CLEAN(TRIM(SUBSTITUTE(VentesMagasins!$I53,".",",")))) -> 0.15 | Q53: =VALUE(TRIM(SUBSTITUTE(VentesMagasins!$J53,".",","))) -> 645.15 | R53: =Q53*(1-P53) -> 548.3775 | S53: =IF(VentesMagasins!$K53=1,(-1)*R53,R53) -> -548.3775 | T53: =IFERROR(VALUE(TRIM(SUBSTITUTE(VentesMagasins!$L53,".",","))),0) -> 1 | U53: =ROUND(IF(T53=0,AVERAGE(T53:T1052),T53),0) -> 1 | V53: =IF(AND(U53>0,U53<=2),"faible",IF(AND(U53>=3,U53<=4),"moyenne",IF(U53=5,"élévé",0))) -> faible | W53: =_xlfn.XLOOKUP(VentesMagasins!$B53,Clients!ClientID,Région) -> Nord | X53: =INDEX(TypeClient,MATCH(VentesMagasins!$B53,Clients!ClientID)) -> Nouveau | Y53: nov
A54: 53 | B54: C1259 | C54: 45185 | D54: M5 | E54: Lampe | F54: Électronique | G54: 3 | H54: 313 | I54: 0.0 | J54: 939.0 | K54: 0 | L54: 1.0 | M54: =YEAR(VentesMagasins!$C54) -> 2023 | N54: {=MONTH(DateVente)} -> #VALUE! | O54: =PROPER(VentesMagasins!$F54) -> Électronique | P54: =VALUE(CLEAN(TRIM(SUBSTITUTE(VentesMagasins!$I54,".",",")))) -> 0 | Q54: =VALUE(TRIM(SUBSTITUTE(VentesMagasins!$J54,".",","))) -> 939 | R54: =Q54*(1-P54) -> 939 | S54: =IF(VentesMagasins!$K54=1,(-1)*R54,R54) -> 939 | T54: =IFERROR(VALUE(TRIM(SUBSTITUTE(VentesMagasins!$L54,".",","))),0) -> 1 | U54: =ROUND(IF(T54=0,AVERAGE(T54:T1053),T54),0) -> 1 | V54: =IF(AND(U54>0,U54<=2),"faible",IF(AND(U54>=3,U54<=4),"moyenne",IF(U54=5,"élévé",0))) -> faible | W54: =_xlfn.XLOOKUP(VentesMagasins!$B54,Clients!ClientID,Région) -> Centre | X54: =INDEX(TypeClient,MATCH(VentesMagasins!$B54,Clients!ClientID)) -> Nouveau | Y54: sept
A55: 54 | B55: C1205 | C55: 45303 | D55: M2 | E55: Chaise | F55: Électronique | G55: 2 | H55: 355 | I55: 0.0 | J55: 710.0 | K55: 0 | L55: 5.0 | M55: =YEAR(VentesMagasins!$C55) -> 2024 | N55: {=MONTH(DateVente)} -> #VALUE! | O55: =PROPER(VentesMagasins!$F55) -> Électronique | P55: =VALUE(CLEAN(TRIM(SUBSTITUTE(VentesMagasins!$I55,".",",")))) -> 0 | Q55: =VALUE(TRIM(SUBSTITUTE(VentesMagasins!$J55,".",","))) -> 710 | R55: =Q55*(1-P55) -> 710 | S55: =IF(VentesMagasins!$K55=1,(-1)*R55,R55) -> 710 | T55: =IFERROR(VALUE(TRIM(SUBSTITUTE(VentesMagasins!$L55,".",","))),0) -> 5 | U55: =ROUND(IF(T55=0,AVERAGE(T55:T1054),T55),0) -> 5 | V55: =IF(AND(U55>0,U55<=2),"faible",IF(AND(U55>=3,U55<=4),"moyenne",IF(U55=5,"élévé",0))) -> élévé | W55: =_xlfn.XLOOKUP(VentesMagasins!$B55,Clients!ClientID,Région) -> Est | X55: =INDEX(TypeClient,MATCH(VentesMagasins!$B55,Clients!ClientID)) -> Fidèle | Y55: janv
A56: 55 | B56: C1152 | C56: 46020 | D56: M2 | E56: Plante | F56: Meuble | G56: 1 | H56: 150 | I56: 0.1 | J56: 135.0 | K56: 0 | L56: 1.0 | M56: =YEAR(VentesMagasins!$C56) -> 2025 | N56: {=MONTH(DateVente)} -> #VALUE! | O56: =PROPER(VentesMagasins!$F56) -> Meuble | P56: =VALUE(CLEAN(TRIM(SUBSTITUTE(VentesMagasins!$I56,".",",")))) -> 0.1 | Q56: =VALUE(TRIM(SUBSTITUTE(VentesMagasins!$J56,".",","))) -> 135 | R56: =Q56*(1-P56) -> 121.5 | S56: =IF(VentesMagasins!$K56=1,(-1)*R56,R56) -> 121.5 | T56: =IFERROR(VALUE(TRIM(SUBSTITUTE(VentesMagasins!$L56,".",","))),0) -> 1 | U56: =ROUND(IF(T56=0,AVERAGE(T56:T1055),T56),0) -> 1 | V56: =IF(AND(U56>0,U56<=2),"faible",IF(AND(U56>=3,U56<=4),"moyenne",IF(U56=5,"élévé",0))) -> faible | W56: =_xlfn.XLOOKUP(VentesMagasins!$B56,Clients!ClientID,Région) -> Nord | X56: =INDEX(TypeClient,MATCH(VentesMagasins!$B56,Clients!ClientID)) -> Nouveau | Y56: déc
A57: 56 | B57: C1080 | C57: 45706 | D57: M3 | E57: Enceinte | F57: Électronique | G57: 1 | H57: 288 | I57: 0.05 | J57: 273.59999999999997 | K57: 0 | L57: 2.0 | M57: =YEAR(VentesMagasins!$C57) -> 2025 | N57: {=MONTH(DateVente)} -> #VALUE! | O57: =PROPER(VentesMagasins!$F57) -> Électronique | P57: =VALUE(CLEAN(TRIM(SUBSTITUTE(VentesMagasins!$I57,".",",")))) -> 0.05 | Q57: =VALUE(TRIM(SUBSTITUTE(VentesMagasins!$J57,".",","))) -> 273.6 | R57: =Q57*(1-P57) -> 259.92 | S57: =IF(VentesMagasins!$K57=1,(-1)*R57,R57) -> 259.92 | T57: =IFERROR(VALUE(TRIM(SUBSTITUTE(VentesMagasins!$L57,".",","))),0) -> 2 | U57: =ROUND(IF(T57=0,AVERAGE(T57:T1056),T57),0) -> 2 | V57: =IF(AND(U57>0,U57<=2),"faible",IF(AND(U57>=3,U57<=4),"moyenne",IF(U57=5,"élévé",0))) -> faible | W57: =_xlfn.XLOOKUP(VentesMagasins!$B57,Clients!ClientID,Région) -> Ouest | X57: =INDEX(TypeClient,MATCH(VentesMagasins!$B57,Clients!ClientID)) -> Occasionnel | Y57: févr
A58: 57 | B58: C1212 | C58: 45793 | D58: M2 | E58: Table | F58: Décoration | G58: 1 | H58: 163 | I58: 0.05 | J58: 154.85 | K58: 0 | L58: 2.0 | M58: =YEAR(VentesMagasins!$C58) -> 2025 | N58: {=MONTH(DateVente)} -> #VALUE! | O58: =PROPER(VentesMagasins!$F58) -> Décoration | P58: =VALUE(CLEAN(TRIM(SUBSTITUTE(VentesMagasins!$I58,".",",")))) -> 0.05 | Q58: =VALUE(TRIM(SUBSTITUTE(VentesMagasins!$J58,".",","))) -> 154.85 | R58: =Q58*(1-P58) -> 147.1075 | S58: =IF(VentesMagasins!$K58=1,(-1)*R58,R58) -> 147.1075 | T58: =IFERROR(VALUE(TRIM(SUBSTITUTE(VentesMagasins!$L58,".",","))),0) -> 2 | U58: =ROUND(IF(T58=0,AVERAGE(T58:T1057),T58),0) -> 2 | V58: =IF(AND(U58>0,U58<=2),"faible",IF(AND(U58>=3,U58<=4),"moyenne",IF(U58=5,"élévé",0))) -> faible | W58: =_xlfn.XLOOKUP(VentesMagasins!$B58,Clients!ClientID,Région) -> Nord | X58: =INDEX(TypeClient,MATCH(VentesMagasins!$B58,Clients!ClientID)) -> Fidèle | Y58: mai
A59: 58 | B59: C1156 | C59: 45384 | D59: M4 | E59: Chaise | F59: Meuble | G59: 2 | H59: 113 | I59: 0.0 | J59: 226.0 | K59: 0 | L59: 4.0 | M59: =YEAR(VentesMagasins!$C59) -> 2024 | N59: {=MONTH(DateVente)} -> #VALUE! | O59: =PROPER(VentesMagasins!$F59) -> Meuble | P59: =VALUE(CLEAN(TRIM(SUBSTITUTE(VentesMagasins!$I59,".",",")))) -> 0 | Q59: =VALUE(TRIM(SUBSTITUTE(VentesMagasins!$J59,".",","))) -> 226 | R59: =Q59*(1-P59) -> 226 | S59: =IF(VentesMagasins!$K59=1,(-1)*R59,R59) -> 226 | T59: =IFERROR(VALUE(TRIM(SUBSTITUTE(VentesMagasins!$L59,".",","))),0) -> 4 | U59: =ROUND(IF(T59=0,AVERAGE(T59:T1058),T59),0) -> 4 | V59: =IF(AND(U59>0,U59<=2),"faible",IF(AND(U59>=3,U59<=4),"moyenne",IF(U59=5,"élévé",0))) -> moyenne | W59: =_xlfn.XLOOKUP(VentesMagasins!$B59,Clients!ClientID,Région) -> Ouest | X59: =INDEX(TypeClient,MATCH(VentesMagasins!$B59,Clients!ClientID)) -> Nouveau | Y59: avr
A60: 59 | B60: C1129 | C60: 45386 | D60: M4 | E60: Lampe | F60: Électronique | G60: 3 | H60: 354 | I60: 0.05 | J60: 1008.9 | K60: 0 | L60: 4.0 | M60: =YEAR(VentesMagasins!$C60) -> 2024 | N60: {=MONTH(DateVente)} -> #VALUE! | O60: =PROPER(VentesMagasins!$F60) -> Électronique | P60: =VALUE(CLEAN(TRIM(SUBSTITUTE(VentesMagasins!$I60,".",",")))) -> 0.05 | Q60: =VALUE(TRIM(SUBSTITUTE(VentesMagasins!$J60,".",","))) -> 1008.9 | R60: =Q60*(1-P60) -> 958.455 | S60: =IF(VentesMagasins!$K60=1,(-1)*R60,R60) -> 958.455 | T60: =IFERROR(VALUE(TRIM(SUBSTITUTE(VentesMagasins!$L60,".",","))),0) -> 4 | U60: =ROUND(IF(T60=0,AVERAGE(T60:T1059),T60),0) -> 4 | V60: =IF(AND(U60>0,U60<=2),"faible",IF(AND(U60>=3,U60<=4),"moyenne",IF(U60=5,"élévé",0))) -> moyenne | W60: =_xlfn.XLOOKUP(VentesMagasins!$B60,Clients!ClientID,Région) -> Est | X60: =INDEX(TypeClient,MATCH(VentesMagasins!$B60,Clients!ClientID)) -> Nouveau | Y60: avr
A61: 60 | B61: C1050 | C61: 45971 | D61: M5 | E61: Lampe | F61: Électronique | G61: 3 | H61: 236 | I61: 0.1 | J61: 637.2 | K61: 0 | L61: 5.0 | M61: =YEAR(VentesMagasins!$C61) -> 2025 | N61: {=MONTH(DateVente)} -> #VALUE! | O61: =PROPER(VentesMagasins!$F61) -> Électronique | P61: =VALUE(CLEAN(TRIM(SUBSTITUTE(VentesMagasins!$I61,".",",")))) -> 0.1 | Q61: =VALUE(TRIM(SUBSTITUTE(VentesMagasins!$J61,".",","))) -> 637.2 | R61: =Q61*(1-P61) -> 573.48 | S61: =IF(VentesMagasins!$K61=1,(-1)*R61,R61) -> 573.48 | T61: =IFERROR(VALUE(TRIM(SUBSTITUTE(VentesMagasins!$L61,".",","))),0) -> 5 | U61: =ROUND(IF(T61=0,AVERAGE(T61:T1060),T61),0) -> 5 | V61: =IF(AND(U61>0,U61<=2),"faible",IF(AND(U61>=3,U61<=4),"moyenne",IF(U61=5,"élévé",0))) -> élévé | W61: =_xlfn.XLOOKUP(VentesMagasins!$B61,Clients!ClientID,Région) -> Nord | X61: =INDEX(TypeClient,MATCH(VentesMagasins!$B61,Clients!ClientID)) -> Fidèle | Y61: nov
... A74: 73 | B74: C1130 | C74: 45522 | D74: M3 | E74: Canapé | F74: Décoration | G74: 2 | H74: 407 | I74: 0.15 | J74: 691.9 | K74: 0 | L74: 3.0 | M74: =YEAR(VentesMagasins!$C74) -> 2024 | N74: {=MONTH(DateVente)} -> #VALUE! | O74: =PROPER(VentesMagasins!$F74) -> Décoration | P74: =VALUE(CLEAN(TRIM(SUBSTITUTE(VentesMagasins!$I74,".",",")))) -> 0.15 | Q74: =VALUE(TRIM(SUBSTITUTE(VentesMagasins!$J74,".",","))) -> 691.9 | R74: =Q74*(1-P74) -> 588.115 | S74: =IF(VentesMagasins!$K74=1,(-1)*R74,R74) -> 588.115 | T74: =IFERROR(VALUE(TRIM(SUBSTITUTE(VentesMagasins!$L74,".",","))),0) -> 3 | U74: =ROUND(IF(T74=0,AVERAGE(T74:T1073),T74),0) -> 3 | V74: =IF(AND(U74>0,U74<=2),"faible",IF(AND(U74>=3,U74<=4),"moyenne",IF(U74=5,"élévé",0))) -> moyenne | W74: =_xlfn.XLOOKUP(VentesMagasins!$B74,Clients!ClientID,Région) -> Ouest | X74: =INDEX(TypeClient,MATCH(VentesMagasins!$B74,Clients!ClientID)) -> Fidèle | Y74: août
A75: 74 | B75: C1186 | C75: 45457 | D75: M1 | E75: Télévision | F75: Meuble | G75: 2 | H75: 113 | I75: 0.0 | J75: 226.0 | K75: 0 | M75: =YEAR(VentesMagasins!$C75) -> 2024 | N75: {=MONTH(DateVente)} -> #VALUE! | O75: =PROPER(VentesMagasins!$F75) -> Meuble | P75: =VALUE(CLEAN(TRIM(SUBSTITUTE(VentesMagasins!$I75,".",",")))) -> 0 | Q75: =VALUE(TRIM(SUBSTITUTE(VentesMagasins!$J75,".",","))) -> 226 | R75: =Q75*(1-P75) -> 226 | S75: =IF(VentesMagasins!$K75=1,(-1)*R75,R75) -> 226 | T75: =IFERROR(VALUE(TRIM(SUBSTITUTE(VentesMagasins!$L75,".",","))),0) -> 0 | U75: =ROUND(IF(T75=0,AVERAGE(T75:T1074),T75),0) -> 3 | V75: =IF(AND(U75>0,U75<=2),"faible",IF(AND(U75>=3,U75<=4),"moyenne",IF(U75=5,"élévé",0))) -> moyenne | W75: =_xlfn.XLOOKUP(VentesMagasins!$B75,Clients!ClientID,Région) -> Nord | X75: =INDEX(TypeClient,MATCH(VentesMagasins!$B75,Clients!ClientID)) -> Nouveau | Y75: juin
A76: 75 | B76: C1246 | C76: 45709 | D76: m1 | E76: Enceinte | F76: Meuble | G76: 1 | H76: 22 | I76: 0.0 | J76: 22.0 | K76: 1 | L76: 4.0 | M76: =YEAR(VentesMagasins!$C76) -> 2025 | N76: {=MONTH(DateVente)} -> #VALUE! | O76: =PROPER(VentesMagasins!$F76) -> Meuble | P76: =VALUE(CLEAN(TRIM(SUBSTITUTE(VentesMagasins!$I76,".",",")))) -> 0 | Q76: =VALUE(TRIM(SUBSTITUTE(VentesMagasins!$J76,".",","))) -> 22 | R76: =Q76*(1-P76) -> 22 | S76: =IF(VentesMagasins!$K76=1,(-1)*R76,R76) -> -22 | T76: =IFERROR(VALUE(TRIM(SUBSTITUTE(VentesMagasins!$L76,".",","))),0) -> 4 | U76: =ROUND(IF(T76=0,AVERAGE(T76:T1075),T76),0) -> 4 | V76: =IF(AND(U76>0,U76<=2),"faible",IF(AND(U76>=3,U76<=4),"moyenne",IF(U76=5,"élévé",0))) -> moyenne | W76: =_xlfn.XLOOKUP(VentesMagasins!$B76,Clients!ClientID,Région) -> Nord | X76: =INDEX(TypeClient,MATCH(VentesMagasins!$B76,Clients!ClientID)) -> Occasionnel | Y76: févr
A77: 76 | B77: C1170 | C77: 45455 | D77: M3 | E77: Lampe | F77: Électronique | G77: 5 | H77: 267 | I77: 0.0 | J77: 1335.0 | K77: 0 | L77: 1.0 | M77: =YEAR(VentesMagasins!$C77) -> 2024 | N77: {=MONTH(DateVente)} -> #VALUE! | O77: =PROPER(VentesMagasins!$F77) -> Électronique | P77: =VALUE(CLEAN(TRIM(SUBSTITUTE(VentesMagasins!$I77,".",",")))) -> 0 | Q77: =VALUE(TRIM(SUBSTITUTE(VentesMagasins!$J77,".",","))) -> 1335 | R77: =Q77*(1-P77) -> 1335 | S77: =IF(VentesMagasins!$K77=1,(-1)*R77,R77) -> 1335 | T77: =IFERROR(VALUE(TRIM(SUBSTITUTE(VentesMagasins!$L77,".",","))),0) -> 1 | U77: =ROUND(IF(T77=0,AVERAGE(T77:T1076),T77),0) -> 1 | V77: =IF(AND(U77>0,U77<=2),"faible",IF(AND(U77>=3,U77<=4),"moyenne",IF(U77=5,"élévé",0))) -> faible | W77: =_xlfn.XLOOKUP(VentesMagasins!$B77,Clients!ClientID,Région) -> Est | X77: =INDEX(TypeClient,MATCH(VentesMagasins!$B77,Clients!ClientID)) -> Fidèle | Y77: juin
A78: 77 | B78: C1101 | C78: 44956 | D78: M1 | E78: Enceinte | F78: Électronique | G78: 3 | H78: 319 | I78: 0.15 | J78: 813.4499999999999 | K78: 0 | L78: 2.0 | M78: =YEAR(VentesMagasins!$C78) -> 2023 | N78: {=MONTH(DateVente)} -> #VALUE! | O78: =PROPER(VentesMagasins!$F78) -> Électronique | P78: =VALUE(CLEAN(TRIM(SUBSTITUTE(VentesMagasins!$I78,".",",")))) -> 0.15 | Q78: =VALUE(TRIM(SUBSTITUTE(VentesMagasins!$J78,".",","))) -> 813.45 | R78: =Q78*(1-P78) -> 691.4325 | S78: =IF(VentesMagasins!$K78=1,(-1)*R78,R78) -> 691.4325 | T78: =IFERROR(VALUE(TRIM(SUBSTITUTE(VentesMagasins!$L78,".",","))),0) -> 2 | U78: =ROUND(IF(T78=0,AVERAGE(T78:T1077),T78),0) -> 2 | V78: =IF(AND(U78>0,U78<=2),"faible",IF(AND(U78>=3,U78<=4),"moyenne",IF(U78=5,"élévé",0))) -> faible | W78: =_xlfn.XLOOKUP(VentesMagasins!$B78,Clients!ClientID,Région) -> Sud | X78: =INDEX(TypeClient,MATCH(VentesMagasins!$B78,Clients!ClientID)) -> Occasionnel | Y78: janv
A79: 78 | B79: C1212 | C79: 45687 | D79: M1 | E79: Chaise | F79: Décoration | G79: 2 | H79: 98 | I79: 0.0 | J79: 196.0 | K79: 0 | L79: 5.0 | M79: =YEAR(VentesMagasins!$C79) -> 2025 | N79: {=MONTH(DateVente)} -> #VALUE! | O79: =PROPER(VentesMagasins!$F79) -> Décoration | P79: =VALUE(CLEAN(TRIM(SUBSTITUTE(VentesMagasins!$I79,".",",")))) -> 0 | Q79: =VALUE(TRIM(SUBSTITUTE(VentesMagasins!$J79,".",","))) -> 196 | R79: =Q79*(1-P79) -> 196 | S79: =IF(VentesMagasins!$K79=1,(-1)*R79,R79) -> 196 | T79: =IFERROR(VALUE(TRIM(SUBSTITUTE(VentesMagasins!$L79,".",","))),0) -> 5 | U79: =ROUND(IF(T79=0,AVERAGE(T79:T1078),T79),0) -> 5 | V79: =IF(AND(U79>0,U79<=2),"faible",IF(AND(U79>=3,U79<=4),"moyenne",IF(U79=5,"élévé",0))) -> élévé | W79: =_xlfn.XLOOKUP(VentesMagasins!$B79,Clients!ClientID,Région) -> Nord | X79: =INDEX(TypeClient,MATCH(VentesMagasins!$B79,Clients!ClientID)) -> Fidèle | Y79: janv
A80: 79 | B80: C1281 | C80: 45217 | D80: M4 | E80: Télévision | F80: Meuble | G80: 5 | H80: 444 | I80: 0.05 | J80: 2109.0 | K80: 1 | M80: =YEAR(VentesMagasins!$C80) -> 2023 | N80: {=MONTH(DateVente)} -> #VALUE! | O80: =PROPER(VentesMagasins!$F80) -> Meuble | P80: =VALUE(CLEAN(TRIM(SUBSTITUTE(VentesMagasins!$I80,".",",")))) -> 0.05 | Q80: =VALUE(TRIM(SUBSTITUTE(VentesMagasins!$J80,".",","))) -> 2109 | R80: =Q80*(1-P80) -> 2003.55 | S80: =IF(VentesMagasins!$K80=1,(-1)*R80,R80) -> -2003.55 | T80: =IFERROR(VALUE(TRIM(SUBSTITUTE(VentesMagasins!$L80,".",","))),0) -> 0 | U80: =ROUND(IF(T80=0,AVERAGE(T80:T1079),T80),0) -> 3 | V80: =IF(AND(U80>0,U80<=2),"faible",IF(AND(U80>=3,U80<=4),"moyenne",IF(U80=5,"élévé",0))) -> moyenne | W80: =_xlfn.XLOOKUP(VentesMagasins!$B80,Clients!ClientID,Région) -> Ouest | X80: =INDEX(TypeClient,MATCH(VentesMagasins!$B80,Clients!ClientID)) -> Nouveau | Y80: oct
A81: 80 | B81: C1074 | C81: 45361 | D81: M1 | E81: Plante | F81: Meuble | G81: 4 | H81: 378 | I81: 0.15 | J81: 1285.2 | K81: 0 | L81: 5.0 | M81: =YEAR(VentesMagasins!$C81) -> 2024 | N81: {=MONTH(DateVente)} -> #VALUE! | O81: =PROPER(VentesMagasins!$F81) -> Meuble | P81: =VALUE(CLEAN(TRIM(SUBSTITUTE(VentesMagasins!$I81,".",",")))) -> 0.15 | Q81: =VALUE(TRIM(SUBSTITUTE(VentesMagasins!$J81,".",","))) -> 1285.2 | R81: =Q81*(1-P81) -> 1092.42 | S81: =IF(VentesMagasins!$K81=1,(-1)*R81,R81) -> 1092.42 | T81: =IFERROR(VALUE(TRIM(SUBSTITUTE(VentesMagasins!$L81,".",","))),0) -> 5 | U81: =ROUND(IF(T81=0,AVERAGE(T81:T1080),T81),0) -> 5 | V81: =IF(AND(U81>0,U81<=2),"faible",IF(AND(U81>=3,U81<=4),"moyenne",IF(U81=5,"élévé",0))) -> élévé | W81: =_xlfn.XLOOKUP(VentesMagasins!$B81,Clients!ClientID,Région) -> Sud | X81: =INDEX(TypeClient,MATCH(VentesMagasins!$B81,Clients!ClientID)) -> Fidèle | Y81: mars
A82: 81 | B82: C1264 | C82: 44959 | D82: M4 | E82: Lampe | F82: Décoration | G82: 5 | H82: 105 | I82: 0.1 | J82: 472.5 | K82: 0 | L82: 5.0 | M82: =YEAR(VentesMagasins!$C82) -> 2023 | N82: {=MONTH(DateVente)} -> #VALUE! | O82: =PROPER(VentesMagasins!$F82) -> Décoration | P82: =VALUE(CLEAN(TRIM(SUBSTITUTE(VentesMagasins!$I82,".",",")))) -> 0.1 | Q82: =VALUE(TRIM(SUBSTITUTE(VentesMagasins!$J82,".",","))) -> 472.5 | R82: =Q82*(1-P82) -> 425.25 | S82: =IF(VentesMagasins!$K82=1,(-1)*R82,R82) -> 425.25 | T82: =IFERROR(VALUE(TRIM(SUBSTITUTE(VentesMagasins!$L82,".",","))),0) -> 5 | U82: =ROUND(IF(T82=0,AVERAGE(T82:T1081),T82),0) -> 5 | V82: =IF(AND(U82>0,U82<=2),"faible",IF(AND(U82>=3,U82<=4),"moyenne",IF(U82=5,"élévé",0))) -> élévé | W82: =_xlfn.XLOOKUP(VentesMagasins!$B82,Clients!ClientID,Région) -> Nord | X82: =INDEX(TypeClient,MATCH(VentesMagasins!$B82,Clients!ClientID)) -> Fidèle | Y82: févr
A83: 82 | B83: C1298 | C83: 45139 | D83: M4 | E83: Télévision | F83: Électronique | G83: 3 | H83: 224 | I83: 0.15 | J83: 628.3199999999999 | K83: 1 | L83: 4.0 | M83: =YEAR(VentesMagasins!$C83) -> 2023 | N83: {=MONTH(DateVente)} -> #VALUE! | O83: =PROPER(VentesMagasins!$F83) -> Électronique | P83: =VALUE(CLEAN(TRIM(SUBSTITUTE(VentesMagasins!$I83,".",",")))) -> 0.15 | Q83: =VALUE(TRIM(SUBSTITUTE(VentesMagasins!$J83,".",","))) -> 628.32 | R83: =Q83*(1-P83) -> 534.072 | S83: =IF(VentesMagasins!$K83=1,(-1)*R83,R83) -> -534.072 | T83: =IFERROR(VALUE(TRIM(SUBSTITUTE(VentesMagasins!$L83,".",","))),0) -> 4 | U83: =ROUND(IF(T83=0,AVERAGE(T83:T1082),T83),0) -> 4 | V83: =IF(AND(U83>0,U83<=2),"faible",IF(AND(U83>=3,U83<=4),"moyenne",IF(U83=5,"élévé",0))) -> moyenne | W83: =_xlfn.XLOOKUP(VentesMagasins!$B83,Clients!ClientID,Région) -> Est | X83: =INDEX(TypeClient,MATCH(VentesMagasins!$B83,Clients!ClientID)) -> Fidèle | Y83: août
A84: 83 | B84: C1037 | C84: 45735 | D84: M2 | E84: Table | F84: Décoration | G84: 3 | H84: 271 | I84: 0.15 | J84: 691.05 | K84: 0 | L84: 1.0 | M84: =YEAR(VentesMagasins!$C84) -> 2025 | N84: {=MONTH(DateVente)} -> #VALUE! | O84: =PROPER(VentesMagasins!$F84) -> Décoration | P84: =VALUE(CLEAN(TRIM(SUBSTITUTE(VentesMagasins!$I84,".",",")))) -> 0.15 | Q84: =VALUE(TRIM(SUBSTITUTE(VentesMagasins!$J84,".",","))) -> 691.05 | R84: =Q84*(1-P84) -> 587.3925 | S84: =IF(VentesMagasins!$K84=1,(-1)*R84,R84) -> 587.3925 | T84: =IFERROR(VALUE(TRIM(SUBSTITUTE(VentesMagasins!$L84,".",","))),0) -> 1 | U84: =ROUND(IF(T84=0,AVERAGE(T84:T1083),T84),0) -> 1 | V84: =IF(AND(U84>0,U84<=2),"faible",IF(AND(U84>=3,U84<=4),"moyenne",IF(U84=5,"élévé",0))) -> faible | W84: =_xlfn.XLOOKUP(VentesMagasins!$B84,Clients!ClientID,Région) -> Sud | X84: =INDEX(TypeClient,MATCH(VentesMagasins!$B84,Clients!ClientID)) -> Fidèle | Y84: mars
A85: 84 | B85: C1272 | C85: 45812 | D85: M4 | E85: Télévision | F85: Électronique | G85: 4 | H85: 217 | I85: 0.15 | J85: 737.8 | K85: 0 | M85: =YEAR(VentesMagasins!$C85) -> 2025 | N85: {=MONTH(DateVente)} -> #VALUE! | O85: =PROPER(VentesMagasins!$F85) -> Électronique | P85: =VALUE(CLEAN(TRIM(SUBSTITUTE(VentesMagasins!$I85,".",",")))) -> 0.15 | Q85: =VALUE(TRIM(SUBSTITUTE(VentesMagasins!$J85,".",","))) -> 737.8 | R85: =Q85*(1-P85) -> 627.13 | S85: =IF(VentesMagasins!$K85=1,(-1)*R85,R85) -> 627.13 | T85: =IFERROR(VALUE(TRIM(SUBSTITUTE(VentesMagasins!$L85,".",","))),0) -> 0 | U85: =ROUND(IF(T85=0,AVERAGE(T85:T1084),T85),0) -> 2 | V85: =IF(AND(U85>0,U85<=2),"faible",IF(AND(U85>=3,U85<=4),"moyenne",IF(U85=5,"élévé",0))) -> faible | W85: =_xlfn.XLOOKUP(VentesMagasins!$B85,Clients!ClientID,Région) -> Nord | X85: =INDEX(TypeClient,MATCH(VentesMagasins!$B85,Clients!ClientID)) -> Fidèle | Y85: juin
A86: 85 | B86: C1180 | C86: 45382 | D86: M5 | E86: Enceinte | F86: Électronique | G86: 4 | H86: 115 | I86: 0.1 | J86: 414.0 | K86: 0 | M86: =YEAR(VentesMagasins!$C86) -> 2024 | N86: {=MONTH(DateVente)} -> #VALUE! | O86: =PROPER(VentesMagasins!$F86) -> Électronique | P86: =VALUE(CLEAN(TRIM(SUBSTITUTE(VentesMagasins!$I86,".",",")))) -> 0.1 | Q86: =VALUE(TRIM(SUBSTITUTE(VentesMagasins!$J86,".",","))) -> 414 | R86: =Q86*(1-P86) -> 372.6 | S86: =IF(VentesMagasins!$K86=1,(-1)*R86,R86) -> 372.6 | T86: =IFERROR(VALUE(TRIM(SUBSTITUTE(VentesMagasins!$L86,".",","))),0) -> 0 | U86: =ROUND(IF(T86=0,AVERAGE(T86:T1085),T86),0) -> 3 | V86: =IF(AND(U86>0,U86<=2),"faible",IF(AND(U86>=3,U86<=4),"moyenne",IF(U86=5,"élévé",0))) -> moyenne | W86: =_xlfn.XLOOKUP(VentesMagasins!$B86,Clients!ClientID,Région) -> Sud | X86: =INDEX(TypeClient,MATCH(VentesMagasins!$B86,Clients!ClientID)) -> Nouveau | Y86: mars
A87: 86 | B87: C1117 | C87: 45407 | D87: M3 | E87: Canapé | F87: Meuble | G87: 3 | H87: 257 | I87: 0.0 | J87: 771.0 | K87: 0 | L87: 3.0 | M87: =YEAR(VentesMagasins!$C87) -> 2024 | N87: {=MONTH(DateVente)} -> #VALUE! | O87: =PROPER(VentesMagasins!$F87) -> Meuble | P87: =VALUE(CLEAN(TRIM(SUBSTITUTE(VentesMagasins!$I87,".",",")))) -> 0 | Q87: =VALUE(TRIM(SUBSTITUTE(VentesMagasins!$J87,".",","))) -> 771 | R87: =Q87*(1-P87) -> 771 | S87: =IF(VentesMagasins!$K87=1,(-1)*R87,R87) -> 771 | T87: =IFERROR(VALUE(TRIM(SUBSTITUTE(VentesMagasins!$L87,".",","))),0) -> 3 | U87: =ROUND(IF(T87=0,AVERAGE(T87:T1086),T87),0) -> 3 | V87: =IF(AND(U87>0,U87<=2),"faible",IF(AND(U87>=3,U87<=4),"moyenne",IF(U87=5,"élévé",0))) -> moyenne | W87: =_xlfn.XLOOKUP(VentesMagasins!$B87,Clients!ClientID,Région) -> Est | X87: =INDEX(TypeClient,MATCH(VentesMagasins!$B87,Clients!ClientID)) -> Occasionnel | Y87: avr
A88: 87 | B88: C1050 | C88: 45528 | D88: M1 | E88: Lampe | F88: Décoration | G88: 4 | H88: 108 | I88: 0.15 | J88: 367.2 | K88: 1 | L88: 3.0 | M88: =YEAR(VentesMagasins!$C88) -> 2024 | N88: {=MONTH(DateVente)} -> #VALUE! | O88: =PROPER(VentesMagasins!$F88) -> Décoration | P88: =VALUE(CLEAN(TRIM(SUBSTITUTE(VentesMagasins!$I88,".",",")))) -> 0.15 | Q88: =VALUE(TRIM(SUBSTITUTE(VentesMagasins!$J88,".",","))) -> 367.2 | R88: =Q88*(1-P88) -> 312.12 | S88: =IF(VentesMagasins!$K88=1,(-1)*R88,R88) -> -312.12 | T88: =IFERROR(VALUE(TRIM(SUBSTITUTE(VentesMagasins!$L88,".",","))),0) -> 3 | U88: =ROUND(IF(T88=0,AVERAGE(T88:T1087),T88),0) -> 3 | V88: =IF(AND(U88>0,U88<=2),"faible",IF(AND(U88>=3,U88<=4),"moyenne",IF(U88=5,"élévé",0))) -> moyenne | W88: =_xlfn.XLOOKUP(VentesMagasins!$B88,Clients!ClientID,Région) -> Nord | X88: =INDEX(TypeClient,MATCH(VentesMagasins!$B88,Clients!ClientID)) -> Fidèle | Y88: août
A89: 88 | B89: C1048 | C89: 45831 | D89: M3 | E89: Tapis | F89: Électronique | G89: 4 | H89: 77 | I89: 0.05 | J89: 292.59999999999997 | K89: 1 | L89: 5.0 | M89: =YEAR(VentesMagasins!$C89) -> 2025 | N89: {=MONTH(DateVente)} -> #VALUE! | O89: =PROPER(VentesMagasins!$F89) -> Électronique | P89: =VALUE(CLEAN(TRIM(SUBSTITUTE(VentesMagasins!$I89,".",",")))) -> 0.05 | Q89: =VALUE(TRIM(SUBSTITUTE(VentesMagasins!$J89,".",","))) -> 292.6 | R89: =Q89*(1-P89) -> 277.97 | S89: =IF(VentesMagasins!$K89=1,(-1)*R89,R89) -> -277.97 | T89: =IFERROR(VALUE(TRIM(SUBSTITUTE(VentesMagasins!$L89,".",","))),0) -> 5 | U89: =ROUND(IF(T89=0,AVERAGE(T89:T1088),T89),0) -> 5 | V89: =IF(AND(U89>0,U89<=2),"faible",IF(AND(U89>=3,U89<=4),"moyenne",IF(U89=5,"élévé",0))) -> élévé | W89: =_xlfn.XLOOKUP(VentesMagasins!$B89,Clients!ClientID,Région) -> Sud | X89: =INDEX(TypeClient,MATCH(VentesMagasins!$B89,Clients!ClientID)) -> Occasionnel | Y89: juin
A90: 89 | B90: C1226 | C90: 45767 | D90: M4 | E90: Canapé | F90: Électronique | G90: 1 | H90: 412 | I90: 0.0 | J90: 412.0 | K90: 0 | L90: 1.0 | M90: =YEAR(VentesMagasins!$C90) -> 2025 | N90: {=MONTH(DateVente)} -> #VALUE! | O90: =PROPER(VentesMagasins!$F90) -> Électronique | P90: =VALUE(CLEAN(TRIM(SUBSTITUTE(VentesMagasins!$I90,".",",")))) -> 0 | Q90: =VALUE(TRIM(SUBSTITUTE(VentesMagasins!$J90,".",","))) -> 412 | R90: =Q90*(1-P90) -> 412 | S90: =IF(VentesMagasins!$K90=1,(-1)*R90,R90) -> 412 | T90: =IFERROR(VALUE(TRIM(SUBSTITUTE(VentesMagasins!$L90,".",","))),0) -> 1 | U90: =ROUND(IF(T90=0,AVERAGE(T90:T1089),T90),0) -> 1 | V90: =IF(AND(U90>0,U90<=2),"faible",IF(AND(U90>=3,U90<=4),"moyenne",IF(U90=5,"élévé",0))) -> faible | W90: =_xlfn.XLOOKUP(VentesMagasins!$B90,Clients!ClientID,Région) -> Est | X90: =INDEX(TypeClient,MATCH(VentesMagasins!$B90,Clients!ClientID)) -> Fidèle | Y90: avr
A91: 90 | B91: C1125 | C91: 45186 | D91: M4 | E91: Table | F91: Décoration | G91: 4 | H91: 317 | I91: 0.0 | J91: 1141.2 | K91: 1 | L91: 3.0 | M91: =YEAR(VentesMagasins!$C91) -> 2023 | N91: {=MONTH(DateVente)} -> #VALUE! | O91: =PROPER(VentesMagasins!$F91) -> Décoration | P91: =VALUE(CLEAN(TRIM(SUBSTITUTE(VentesMagasins!$I91,".",",")))) -> 0 | Q91: =VALUE(TRIM(SUBSTITUTE(VentesMagasins!$J91,".",","))) -> 1141.2 | R91: =Q91*(1-P91) -> 1141.2 | S91: =IF(VentesMagasins!$K91=1,(-1)*R91,R91) -> -1141.2 | T91: =IFERROR(VALUE(TRIM(SUBSTITUTE(VentesMagasins!$L91,".",","))),0) -> 3 | U91: =ROUND(IF(T91=0,AVERAGE(T91:T1090),T91),0) -> 3 | V91: =IF(AND(U91>0,U91<=2),"faible",IF(AND(U91>=3,U91<=4),"moyenne",IF(U91=5,"élévé",0))) -> moyenne | W91: =_xlfn.XLOOKUP(VentesMagasins!$B91,Clients!ClientID,Région) -> Sud | X91: =INDEX(TypeClient,MATCH(VentesMagasins!$B91,Clients!ClientID)) -> Fidèle | Y91: sept
A92: 91 | B92: C1062 | C92: 45527 | D92: M5 | E92: Tapis | F92: Décoration | G92: 2 | H92: 59 | I92: 0.1 | J92: 106.2 | K92: 0 | L92: 2.0 | M92: =YEAR(VentesMagasins!$C92) -> 2024 | N92: {=MONTH(DateVente)} -> #VALUE! | O92: =PROPER(VentesMagasins!$F92) -> Décoration | P92: =VALUE(CLEAN(TRIM(SUBSTITUTE(VentesMagasins!$I92,".",",")))) -> 0.1 | Q92: =VALUE(TRIM(SUBSTITUTE(VentesMagasins!$J92,".",","))) -> 106.2 | R92: =Q92*(1-P92) -> 95.58 | S92: =IF(VentesMagasins!$K92=1,(-1)*R92,R92) -> 95.58 | T92: =IFERROR(VALUE(TRIM(SUBSTITUTE(VentesMagasins!$L92,".",","))),0) -> 2 | U92: =ROUND(IF(T92=0,AVERAGE(T92:T1091),T92),0) -> 2 | V92: =IF(AND(U92>0,U92<=2),"faible",IF(AND(U92>=3,U92<=4),"moyenne",IF(U92=5,"élévé",0))) -> faible | W92: =_xlfn.XLOOKUP(VentesMagasins!$B92,Clients!ClientID,Région) -> Sud | X92: =INDEX(TypeClient,MATCH(VentesMagasins!$B92,Clients!ClientID)) -> Occasionnel | Y92: août
A93: 92 | B93: C1004 | C93: 45792 | D93: M1 | E93: Canapé | F93: Meuble | G93: 1 | H93: 392 | I93: 0.15 | J93: 333.2 | K93: 0 | M93: =YEAR(VentesMagasins!$C93) -> 2025 | N93: {=MONTH(DateVente)} -> #VALUE! | O93: =PROPER(VentesMagasins!$F93) -> Meuble | P93: =VALUE(CLEAN(TRIM(SUBSTITUTE(VentesMagasins!$I93,".",",")))) -> 0.15 | Q93: =VALUE(TRIM(SUBSTITUTE(VentesMagasins!$J93,".",","))) -> 333.2 | R93: =Q93*(1-P93) -> 283.22 | S93: =IF(VentesMagasins!$K93=1,(-1)*R93,R93) -> 283.22 | T93: =IFERROR(VALUE(TRIM(SUBSTITUTE(VentesMagasins!$L93,".",","))),0) -> 0 | U93: =ROUND(IF(T93=0,AVERAGE(T93:T1092),T93),0) -> 3 | V93: =IF(AND(U93>0,U93<=2),"faible",IF(AND(U93>=3,U93<=4),"moyenne",IF(U93=5,"élévé",0))) -> moyenne | W93: =_xlfn.XLOOKUP(VentesMagasins!$B93,Clients!ClientID,Région) -> Sud | X93: =INDEX(TypeClient,MATCH(VentesMagasins!$B93,Clients!ClientID)) -> Fidèle | Y93: mai
A94: 93 | B94: C1018 | C94: 45369 | D94: M3 | E94: Tapis | F94: Meuble | G94: 2 | H94: 96 | I94: 0.0 | J94: 192.0 | K94: 1 | L94: 5.0 | M94: =YEAR(VentesMagasins!$C94) -> 2024 | N94: {=MONTH(DateVente)} -> #VALUE! | O94: =PROPER(VentesMagasins!$F94) -> Meuble | P94: =VALUE(CLEAN(TRIM(SUBSTITUTE(VentesMagasins!$I94,".",",")))) -> 0 | Q94: =VALUE(TRIM(SUBSTITUTE(VentesMagasins!$J94,".",","))) -> 192 | R94: =Q94*(1-P94) -> 192 | S94: =IF(VentesMagasins!$K94=1,(-1)*R94,R94) -> -192 | T94: =IFERROR(VALUE(TRIM(SUBSTITUTE(VentesMagasins!$L94,".",","))),0) -> 5 | U94: =ROUND(IF(T94=0,AVERAGE(T94:T1093),T94),0) -> 5 | V94: =IF(AND(U94>0,U94<=2),"faible",IF(AND(U94>=3,U94<=4),"moyenne",IF(U94=5,"élévé",0))) -> élévé | W94: =_xlfn.XLOOKUP(VentesMagasins!$B94,Clients!ClientID,Région) -> Centre | X94: =INDEX(TypeClient,MATCH(VentesMagasins!$B94,Clients!ClientID)) -> Fidèle | Y94: mars
A95: 94 | B95: C1205 | C95: 45797 | D95: M5 | E95: Table | F95: Meuble | G95: 5 | H95: 344 | I95: 0.05 | J95: 1470.6000000000001 | K95: 0 | L95: 3.0 | M95: =YEAR(VentesMagasins!$C95) -> 2025 | N95: {=MONTH(DateVente)} -> #VALUE! | O95: =PROPER(VentesMagasins!$F95) -> Meuble | P95: =VALUE(CLEAN(TRIM(SUBSTITUTE(VentesMagasins!$I95,".",",")))) -> 0.05 | Q95: =VALUE(TRIM(SUBSTITUTE(VentesMagasins!$J95,".",","))) -> 1470.6 | R95: =Q95*(1-P95) -> 1397.07 | S95: =IF(VentesMagasins!$K95=1,(-1)*R95,R95) -> 1397.07 | T95: =IFERROR(VALUE(TRIM(SUBSTITUTE(VentesMagasins!$L95,".",","))),0) -> 3 | U95: =ROUND(IF(T95=0,AVERAGE(T95:T1094),T95),0) -> 3 | V95: =IF(AND(U95>0,U95<=2),"faible",IF(AND(U95>=3,U95<=4),"moyenne",IF(U95=5,"élévé",0))) -> moyenne | W95: =_xlfn.XLOOKUP(VentesMagasins!$B95,Clients!ClientID,Région) -> Est | X95: =INDEX(TypeClient,MATCH(VentesMagasins!$B95,Clients!ClientID)) -> Fidèle | Y95: mai
A96: 95 | B96: C1038 | C96: 45521 | D96: M3 | E96: Plante | F96: Électronique | G96: 5 | H96: 44 | I96: 0.05 | J96: 209.0 | K96: 0 | L96: 4.0 | M96: =YEAR(VentesMagasins!$C96) -> 2024 | N96: {=MONTH(DateVente)} -> #VALUE! | O96: =PROPER(VentesMagasins!$F96) -> Électronique | P96: =VALUE(CLEAN(TRIM(SUBSTITUTE(VentesMagasins!$I96,".",",")))) -> 0.05 | Q96: =VALUE(TRIM(SUBSTITUTE(VentesMagasins!$J96,".",","))) -> 209 | R96: =Q96*(1-P96) -> 198.55 | S96: =IF(VentesMagasins!$K96=1,(-1)*R96,R96) -> 198.55 | T96: =IFERROR(VALUE(TRIM(SUBSTITUTE(VentesMagasins!$L96,".",","))),0) -> 4 | U96: =ROUND(IF(T96=0,AVERAGE(T96:T1095),T96),0) -> 4 | V96: =IF(AND(U96>0,U96<=2),"faible",IF(AND(U96>=3,U96<=4),"moyenne",IF(U96=5,"élévé",0))) -> moyenne | W96: =_xlfn.XLOOKUP(VentesMagasins!$B96,Clients!ClientID,Région) -> Nord | X96: =INDEX(TypeClient,MATCH(VentesMagasins!$B96,Clients!ClientID)) -> Nouveau | Y96: août
A97: 96 | B97: C1244 | C97: 44983 | D97: M1 | E97: Canapé | F97: meuble | G97: 5 | H97: 488 | I97: 0.05 | J97: 2318.0 | K97: 0 | L97: 5.0 | M97: =YEAR(VentesMagasins!$C97) -> 2023 | N97: {=MONTH(DateVente)} -> #VALUE! | O97: =PROPER(VentesMagasins!$F97) -> Meuble | P97: =VALUE(CLEAN(TRIM(SUBSTITUTE(VentesMagasins!$I97,".",",")))) -> 0.05 | Q97: =VALUE(TRIM(SUBSTITUTE(VentesMagasins!$J97,".",","))) -> 2318 | R97: =Q97*(1-P97) -> 2202.1 | S97: =IF(VentesMagasins!$K97=1,(-1)*R97,R97) -> 2202.1 | T97: =IFERROR(VALUE(TRIM(SUBSTITUTE(VentesMagasins!$L97,".",","))),0) -> 5 | U97: =ROUND(IF(T97=0,AVERAGE(T97:T1096),T97),0) -> 5 | V97: =IF(AND(U97>0,U97<=2),"faible",IF(AND(U97>=3,U97<=4),"moyenne",IF(U97=5,"élévé",0))) -> élévé | W97: =_xlfn.XLOOKUP(VentesMagasins!$B97,Clients!ClientID,Région) -> Ouest | X97: =INDEX(TypeClient,MATCH(VentesMagasins!$B97,Clients!ClientID)) -> Nouveau | Y97: févr
A98: 97 | B98: C1138 | C98: 45993 | D98: M2 | E98: Lampe | F98: Décoration | G98: 1 | H98: 486 | I98: 0.15 | J98: 413.09999999999997 | K98: 0 | L98: 4.0 | M98: =YEAR(VentesMagasins!$C98) -> 2025 | N98: {=MONTH(DateVente)} -> #VALUE! | O98: =PROPER(VentesMagasins!$F98) -> Décoration | P98: =VALUE(CLEAN(TRIM(SUBSTITUTE(VentesMagasins!$I98,".",",")))) -> 0.15 | Q98: =VALUE(TRIM(SUBSTITUTE(VentesMagasins!$J98,".",","))) -> 413.1 | R98: =Q98*(1-P98) -> 351.135 | S98: =IF(VentesMagasins!$K98=1,(-1)*R98,R98) -> 351.135 | T98: =IFERROR(VALUE(TRIM(SUBSTITUTE(VentesMagasins!$L98,".",","))),0) -> 4 | U98: =ROUND(IF(T98=0,AVERAGE(T98:T1097),T98),0) -> 4 | V98: =IF(AND(U98>0,U98<=2),"faible",IF(AND(U98>=3,U98<=4),"moyenne",IF(U98=5,"élévé",0))) -> moyenne | W98: =_xlfn.XLOOKUP(VentesMagasins!$B98,Clients!ClientID,Région) -> Centre | X98: =INDEX(TypeClient,MATCH(VentesMagasins!$B98,Clients!ClientID)) -> Nouveau | Y98: déc
A99: 98 | B99: C1063 | C99: 45144 | D99: M4 | E99: Enceinte | F99: Électronique | G99: 3 | H99: 131 | I99: 0.15 | J99: 334.05 | K99: 0 | L99: 3.0 | M99: =YEAR(VentesMagasins!$C99) -> 2023 | N99: {=MONTH(DateVente)} -> #VALUE! | O99: =PROPER(VentesMagasins!$F99) -> Électronique | P99: =VALUE(CLEAN(TRIM(SUBSTITUTE(VentesMagasins!$I99,".",",")))) -> 0.15 | Q99: =VALUE(TRIM(SUBSTITUTE(VentesMagasins!$J99,".",","))) -> 334.05 | R99: =Q99*(1-P99) -> 283.9425 | S99: =IF(VentesMagasins!$K99=1,(-1)*R99,R99) -> 283.9425 | T99: =IFERROR(VALUE(TRIM(SUBSTITUTE(VentesMagasins!$L99,".",","))),0) -> 3 | U99: =ROUND(IF(T99=0,AVERAGE(T99:T1098),T99),0) -> 3 | V99: =IF(AND(U99>0,U99<=2),"faible",IF(AND(U99>=3,U99<=4),"moyenne",IF(U99=5,"élévé",0))) -> moyenne | W99: =_xlfn.XLOOKUP(VentesMagasins!$B99,Clients!ClientID,Région) -> Centre | X99: =INDEX(TypeClient,MATCH(VentesMagasins!$B99,Clients!ClientID)) -> Fidèle | Y99: août
A100: 99 | B100: C1218 | C100: 45523 | D100: M4 | E100: Canapé | F100: Décoration | G100: 3 | H100: 54 | I100: 0.0 | J100: 162.0 | K100: 0 | L100: 1.0 | M100: =YEAR(VentesMagasins!$C100) -> 2024 | N100: {=MONTH(DateVente)} -> #VALUE! | O100: =PROPER(VentesMagasins!$F100) -> Décoration | P100: =VALUE(CLEAN(TRIM(SUBSTITUTE(VentesMagasins!$I100,".",",")))) -> 0 | Q100: =VALUE(TRIM(SUBSTITUTE(VentesMagasins!$J100,".",","))) -> 162 | R100: =Q100*(1-P100) -> 162 | S100: =IF(VentesMagasins!$K100=1,(-1)*R100,R100) -> 162 | T100: =IFERROR(VALUE(TRIM(SUBSTITUTE(VentesMagasins!$L100,".",","))),0) -> 1 | U100: =ROUND(IF(T100=0,AVERAGE(T100:T1099),T100),0) -> 1 | V100: =IF(AND(U100>0,U100<=2),"faible",IF(AND(U100>=3,U100<=4),"moyenne",IF(U100=5,"élévé",0))) -> faible | W100: =_xlfn.XLOOKUP(VentesMagasins!$B100,Clients!ClientID,Région) -> Ouest | X100: =INDEX(TypeClient,MATCH(VentesMagasins!$B100,Clients!ClientID)) -> Occasionnel | Y100: août
A101: 100 | B101: C1146 | C101: 45250 | D101: m4 | E101: Tapis | F101: Décoration | G101: 1 | H101: 486 | I101: 0.0 | J101: 486.0 | K101: 1 | M101: =YEAR(VentesMagasins!$C101) -> 2023 | N101: {=MONTH(DateVente)} -> #VALUE! | O101: =PROPER(VentesMagasins!$F101) -> Décoration | P101: =VALUE(CLEAN(TRIM(SUBSTITUTE(VentesMagasins!$I101,".",",")))) -> 0 | Q101: =VALUE(TRIM(SUBSTITUTE(VentesMagasins!$J101,".",","))) -> 486 | R101: =Q101*(1-P101) -> 486 | S101: =IF(VentesMagasins!$K101=1,(-1)*R101,R101) -> -486 | T101: =IFERROR(VALUE(TRIM(SUBSTITUTE(VentesMagasins!$L101,".",","))),0) -> 0 | U101: =ROUND(IF(T101=0,AVERAGE(T101:T1100),T101),0) -> 2 | V101: =IF(AND(U101>0,U101<=2),"faible",IF(AND(U101>=3,U101<=4),"moyenne",IF(U101=5,"élévé",0))) -> faible | W101: =_xlfn.XLOOKUP(VentesMagasins!$B101,Clients!ClientID,Région) -> Nord | X101: =INDEX(TypeClient,MATCH(VentesMagasins!$B101,Clients!ClientID)) -> Occasionnel | Y101: nov
A102: 101 | B102: C1231 | C102: 45415 | D102: M4 | E102: Enceinte | F102: Décoration | G102: 3 | H102: 235 | I102: 0.0 | J102: 705.0 | K102: 0 | L102: 5.0 | M102: =YEAR(VentesMagasins!$C102) -> 2024 | N102: {=MONTH(DateVente)} -> #VALUE! | O102: =PROPER(VentesMagasins!$F102) -> Décoration | P102: =VALUE(CLEAN(TRIM(SUBSTITUTE(VentesMagasins!$I102,".",",")))) -> 0 | Q102: =VALUE(TRIM(SUBSTITUTE(VentesMagasins!$J102,".",","))) -> 705 | R102: =Q102*(1-P102) -> 705 | S102: =IF(VentesMagasins!$K102=1,(-1)*R102,R102) -> 705 | T102: =IFERROR(VALUE(TRIM(SUBSTITUTE(VentesMagasins!$L102,".",","))),0) -> 5 | U102: =ROUND(IF(T102=0,AVERAGE(T102:T1101),T102),0) -> 5 | V102: =IF(AND(U102>0,U102<=2),"faible",IF(AND(U102>=3,U102<=4),"moyenne",IF(U102=5,"élévé",0))) -> élévé | W102: =_xlfn.XLOOKUP(VentesMagasins!$B102,Clients!ClientID,Région) -> Sud | X102: =INDEX(TypeClient,MATCH(VentesMagasins!$B102,Clients!ClientID)) -> Occasionnel | Y102: mai
A103: 102 | B103: C1091 | C103: 45393 | D103: M1 | E103: Enceinte | F103: Décoration | G103: 4 | H103: 275 | I103: 0.05 | J103: 1045.0 | K103: 1 | M103: =YEAR(VentesMagasins!$C103) -> 2024 | N103: {=MONTH(DateVente)} -> #VALUE! | O103: =PROPER(VentesMagasins!$F103) -> Décoration | P103: =VALUE(CLEAN(TRIM(SUBSTITUTE(VentesMagasins!$I103,".",",")))) -> 0.05 | Q103: =VALUE(TRIM(SUBSTITUTE(VentesMagasins!$J103,".",","))) -> 1045 | R103: =Q103*(1-P103) -> 992.75 | S103: =IF(VentesMagasins!$K103=1,(-1)*R103,R103) -> -992.75 | T103: =IFERROR(VALUE(TRIM(SUBSTITUTE(VentesMagasins!$L103,".",","))),0) -> 0 | U103: =ROUND(IF(T103=0,AVERAGE(T103:T1102),T103),0) -> 2 | V103: =IF(AND(U103>0,U103<=2),"faible",IF(AND(U103>=3,U103<=4),"moyenne",IF(U103=5,"élévé",0))) -> faible | W103: =_xlfn.XLOOKUP(VentesMagasins!$B103,Clients!ClientID,Région) -> Centre | X103: =INDEX(TypeClient,MATCH(VentesMagasins!$B103,Clients!ClientID)) -> Nouveau | Y103: avr
A104: 103 | B104: C1291 | C104: 45509 | D104: M4 | E104: Table | F104: Électronique | G104: 5 | H104: 202 | I104: 0.0 | J104: 1010.0 | K104: 0 | L104: 1.0 | M104: =YEAR(VentesMagasins!$C104) -> 2024 | N104: {=MONTH(DateVente)} -> #VALUE! | O104: =PROPER(VentesMagasins!$F104) -> Électronique | P104: =VALUE(CLEAN(TRIM(SUBSTITUTE(VentesMagasins!$I104,".",",")))) -> 0 | Q104: =VALUE(TRIM(SUBSTITUTE(VentesMagasins!$J104,".",","))) -> 1010 | R104: =Q104*(1-P104) -> 1010 | S104: =IF(VentesMagasins!$K104=1,(-1)*R104,R104) -> 1010 | T104: =IFERROR(VALUE(TRIM(SUBSTITUTE(VentesMagasins!$L104,".",","))),0) -> 1 | U104: =ROUND(IF(T104=0,AVERAGE(T104:T1103),T104),0) -> 1 | V104: =IF(AND(U104>0,U104<=2),"faible",IF(AND(U104>=3,U104<=4),"moyenne",IF(U104=5,"élévé",0))) -> faible | W104: =_xlfn.XLOOKUP(VentesMagasins!$B104,Clients!ClientID,Région) -> Est | X104: =INDEX(TypeClient,MATCH(VentesMagasins!$B104,Clients!ClientID)) -> Fidèle | Y104: août
A105: 104 | B105: C1008 | C105: 45313 | D105: M2 | E105: Enceinte | F105: Décoration | G105: 5 | H105: 377 | I105: 0.05 | J105: 1790.75 | K105: 1 | L105: 1.0 | M105: =YEAR(VentesMagasins!$C105) -> 2024 | N105: {=MONTH(DateVente)} -> #VALUE! | O105: =PROPER(VentesMagasins!$F105) -> Décoration | P105: =VALUE(CLEAN(TRIM(SUBSTITUTE(VentesMagasins!$I105,".",",")))) -> 0.05 | Q105: =VALUE(TRIM(SUBSTITUTE(VentesMagasins!$J105,".",","))) -> 1790.75 | R105: =Q105*(1-P105) -> 1701.2125 | S105: =IF(VentesMagasins!$K105=1,(-1)*R105,R105) -> -1701.2125 | T105: =IFERROR(VALUE(TRIM(SUBSTITUTE(VentesMagasins!$L105,".",","))),0) -> 1 | U105: =ROUND(IF(T105=0,AVERAGE(T105:T1104),T105),0) -> 1 | V105: =IF(AND(U105>0,U105<=2),"faible",IF(AND(U105>=3,U105<=4),"moyenne",IF(U105=5,"élévé",0))) -> faible | W105: =_xlfn.XLOOKUP(VentesMagasins!$B105,Clients!ClientID,Région) -> Nord | X105: =INDEX(TypeClient,MATCH(VentesMagasins!$B105,Clients!ClientID)) -> Fidèle | Y105: janv
A106: 105 | B106: C1112 | C106: 45358 | D106: M2 | E106: Télévision | F106: Meuble | G106: 1 | H106: 193 | I106: 0.1 | J106: 173.70000000000002 | K106: 0 | M106: =YEAR(VentesMagasins!$C106) -> 2024 | N106: {=MONTH(DateVente)} -> #VALUE! | O106: =PROPER(VentesMagasins!$F106) -> Meuble | P106: =VALUE(CLEAN(TRIM(SUBSTITUTE(VentesMagasins!$I106,".",",")))) -> 0.1 | Q106: =VALUE(TRIM(SUBSTITUTE(VentesMagasins!$J106,".",","))) -> 173.7 | R106: =Q106*(1-P106) -> 156.33 | S106: =IF(VentesMagasins!$K106=1,(-1)*R106,R106) -> 156.33 | T106: =IFERROR(VALUE(TRIM(SUBSTITUTE(VentesMagasins!$L106,".",","))),0) -> 0 | U106: =ROUND(IF(T106=0,AVERAGE(T106:T1105),T106),0) -> 3 | V106: =IF(AND(U106>0,U106<=2),"faible",IF(AND(U106>=3,U106<=4),"moyenne",IF(U106=5,"élévé",0))) -> moyenne | W106: =_xlfn.XLOOKUP(VentesMagasins!$B106,Clients!ClientID,Région) -> Nord | X106: =INDEX(TypeClient,MATCH(VentesMagasins!$B106,Clients!ClientID)) -> Occasionnel | Y106: mars
A107: 106 | B107: C1201 | C107: 45898 | D107: M1 | E107: Table | F107: Meuble | G107: 5 | H107: 137 | I107: 0.0 | J107: 685.0 | K107: 0 | M107: =YEAR(VentesMagasins!$C107) -> 2025 | N107: {=MONTH(DateVente)} -> #VALUE! | O107: =PROPER(VentesMagasins!$F107) -> Meuble | P107: =VALUE(CLEAN(TRIM(SUBSTITUTE(VentesMagasins!$I107,".",",")))) -> 0 | Q107: =VALUE(TRIM(SUBSTITUTE(VentesMagasins!$J107,".",","))) -> 685 | R107: =Q107*(1-P107) -> 685 | S107: =IF(VentesMagasins!$K107=1,(-1)*R107,R107) -> 685 | T107: =IFERROR(VALUE(TRIM(SUBSTITUTE(VentesMagasins!$L107,".",","))),0) -> 0 | U107: =ROUND(IF(T107=0,AVERAGE(T107:T1106),T107),0) -> 3 | V107: =IF(AND(U107>0,U107<=2),"faible",IF(AND(U107>=3,U107<=4),"moyenne",IF(U107=5,"élévé",0))) -> moyenne | W107: =_xlfn.XLOOKUP(VentesMagasins!$B107,Clients!ClientID,Région) -> Sud | X107: =INDEX(TypeClient,MATCH(VentesMagasins!$B107,Clients!ClientID)) -> Fidèle | Y107: août
A108: 107 | B108: C1105 | C108: 45053 | D108: M3 | E108: Table | F108: Électronique | G108: 5 | H108: 450 | I108: 0.05 | J108: 2137.5 | K108: 1 | L108: 2.0 | M108: =YEAR(VentesMagasins!$C108) -> 2023 | N108: {=MONTH(DateVente)} -> #VALUE! | O108: =PROPER(VentesMagasins!$F108) -> Électronique | P108: =VALUE(CLEAN(TRIM(SUBSTITUTE(VentesMagasins!$I108,".",",")))) -> 0.05 | Q108: =VALUE(TRIM(SUBSTITUTE(VentesMagasins!$J108,".",","))) -> 2137.5 | R108: =Q108*(1-P108) -> 2030.625 | S108: =IF(VentesMagasins!$K108=1,(-1)*R108,R108) -> -2030.625 | T108: =IFERROR(VALUE(TRIM(SUBSTITUTE(VentesMagasins!$L108,".",","))),0) -> 2 | U108: =ROUND(IF(T108=0,AVERAGE(T108:T1107),T108),0) -> 2 | V108: =IF(AND(U108>0,U108<=2),"faible",IF(AND(U108>=3,U108<=4),"moyenne",IF(U108=5,"élévé",0))) -> faible | W108: =_xlfn.XLOOKUP(VentesMagasins!$B108,Clients!ClientID,Région) -> Sud | X108: =INDEX(TypeClient,MATCH(VentesMagasins!$B108,Clients!ClientID)) -> Occasionnel | Y108: mai
A109: 108 | B109: C1181 | C109: 44946 | D109: M4 | E109: Plante | F109: Électronique | G109: 5 | H109: 191 | I109: 0.0 | J109: 955.0 | K109: 0 | L109: 4.0 | M109: =YEAR(VentesMagasins!$C109) -> 2023 | N109: {=MONTH(DateVente)} -> #VALUE! | O109: =PROPER(VentesMagasins!$F109) -> Électronique | P109: =VALUE(CLEAN(TRIM(SUBSTITUTE(VentesMagasins!$I109,".",",")))) -> 0 | Q109: =VALUE(TRIM(SUBSTITUTE(VentesMagasins!$J109,".",","))) -> 955 | R109: =Q109*(1-P109) -> 955 | S109: =IF(VentesMagasins!$K109=1,(-1)*R109,R109) -> 955 | T109: =IFERROR(VALUE(TRIM(SUBSTITUTE(VentesMagasins!$L109,".",","))),0) -> 4 | U109: =ROUND(IF(T109=0,AVERAGE(T109:T1108),T109),0) -> 4 | V109: =IF(AND(U109>0,U109<=2),"faible",IF(AND(U109>=3,U109<=4),"moyenne",IF(U109=5,"élévé",0))) -> moyenne | W109: =_xlfn.XLOOKUP(VentesMagasins!$B109,Clients!ClientID,Région) -> Ouest | X109: =INDEX(TypeClient,MATCH(VentesMagasins!$B109,Clients!ClientID)) -> Fidèle | Y109: janv
A110: 109 | B110: C1006 | C110: 45192 | D110: M2 | E110: Télévision | F110: Meuble | G110: 5 | H110: 126 | I110: 0.15 | J110: 535.5 | K110: 0 | L110: 3.0 | M110: =YEAR(VentesMagasins!$C110) -> 2023 | N110: {=MONTH(DateVente)} -> #VALUE! | O110: =PROPER(VentesMagasins!$F110) -> Meuble | P110: =VALUE(CLEAN(TRIM(SUBSTITUTE(VentesMagasins!$I110,".",",")))) -> 0.15 | Q110: =VALUE(TRIM(SUBSTITUTE(VentesMagasins!$J110,".",","))) -> 535.5 | R110: =Q110*(1-P110) -> 455.175 | S110: =IF(VentesMagasins!$K110=1,(-1)*R110,R110) -> 455.175 | T110: =IFERROR(VALUE(TRIM(SUBSTITUTE(VentesMagasins!$L110,".",","))),0) -> 3 | U110: =ROUND(IF(T110=0,AVERAGE(T110:T1109),T110),0) -> 3 | V110: =IF(AND(U110>0,U110<=2),"faible",IF(AND(U110>=3,U110<=4),"moyenne",IF(U110=5,"élévé",0))) -> moyenne | W110: =_xlfn.XLOOKUP(VentesMagasins!$B110,Clients!ClientID,Région) -> Sud | X110: =INDEX(TypeClient,MATCH(VentesMagasins!$B110,Clients!ClientID)) -> Nouveau | Y110: sept
A111: 110 | B111: C1253 | C111: 45789 | D111: M5 | E111: Plante | F111: Électronique | G111: 3 | H111: 450 | I111: 0.0 | J111: 1350.0 | K111: 0 | L111: 2.0 | M111: =YEAR(VentesMagasins!$C111) -> 2025 | N111: {=MONTH(DateVente)} -> #VALUE! | O111: =PROPER(VentesMagasins!$F111) -> Électronique | P111: =VALUE(CLEAN(TRIM(SUBSTITUTE(VentesMagasins!$I111,".",",")))) -> 0 | Q111: =VALUE(TRIM(SUBSTITUTE(VentesMagasins!$J111,".",","))) -> 1350 | R111: =Q111*(1-P111) -> 1350 | S111: =IF(VentesMagasins!$K111=1,(-1)*R111,R111) -> 1350 | T111: =IFERROR(VALUE(TRIM(SUBSTITUTE(VentesMagasins!$L111,".",","))),0) -> 2 | U111: =ROUND(IF(T111=0,AVERAGE(T111:T1110),T111),0) -> 2 | V111: =IF(AND(U111>0,U111<=2),"faible",IF(AND(U111>=3,U111<=4),"moyenne",IF(U111=5,"élévé",0))) -> faible | W111: =_xlfn.XLOOKUP(VentesMagasins!$B111,Clients!ClientID,Région) -> Ouest | X111: =INDEX(TypeClient,MATCH(VentesMagasins!$B111,Clients!ClientID)) -> Nouveau | Y111: mai
A112: 111 | B112: C1116 | C112: 45771 | D112: M4 | E112: Enceinte | F112: Décoration | G112: 4 | H112: 494 | I112: 0.05 | J112: 1877.1999999999998 | K112: 0 | L112: 4.0 | M112: =YEAR(VentesMagasins!$C112) -> 2025 | N112: {=MONTH(DateVente)} -> #VALUE! | O112: =PROPER(VentesMagasins!$F112) -> Décoration | P112: =VALUE(CLEAN(TRIM(SUBSTITUTE(VentesMagasins!$I112,".",",")))) -> 0.05 | Q112: =VALUE(TRIM(SUBSTITUTE(VentesMagasins!$J112,".",","))) -> 1877.2 | R112: =Q112*(1-P112) -> 1783.34 | S112: =IF(VentesMagasins!$K112=1,(-1)*R112,R112) -> 1783.34 | T112: =IFERROR(VALUE(TRIM(SUBSTITUTE(VentesMagasins!$L112,".",","))),0) -> 4 | U112: =ROUND(IF(T112=0,AVERAGE(T112:T1111),T112),0) -> 4 | V112: =IF(AND(U112>0,U112<=2),"faible",IF(AND(U112>=3,U112<=4),"moyenne",IF(U112=5,"élévé",0))) -> moyenne | W112: =_xlfn.XLOOKUP(VentesMagasins!$B112,Clients!ClientID,Région) -> Ouest | X112: =INDEX(TypeClient,MATCH(VentesMagasins!$B112,Clients!ClientID)) -> Fidèle | Y112: avr
...

Sheet Clients
A1: ClientID1 | B1: Région | C1: TypeClient
A2: C1000 | B2: Centre | C2: Occasionnel
A3: C1001 | B3: Ouest | C3: Nouveau
A4: C1002 | B4: Nord | C4: Occasionnel
A5: C1003 | B5: Centre | C5: Fidèle
A6: C1004 | B6: Sud | C6: Fidèle
A7: C1005 | B7: Ouest | C7: Occasionnel
A8: C1006 | B8: Sud | C8: Nouveau
A9: C1007 | B9: Centre | C9: Occasionnel
A10: C1008 | B10: Nord | C10: Fidèle
A11: C1009 | B11: Ouest | C11: Occasionnel
A12: C1010 | B12: Centre | C12: Nouveau
... A301: C1299 | B301: Est | C301: Occasionnel

Sheet Feuil1
